"","Project-Id-Version: cinelerra_eu\nReport-Msgid-Bugs-To: cinelerra@lists.cinelerra-cv.org\nPOT-Creation-Date: 2014-07-14 12:39-0400\nPO-Revision-Date: 2007-12-13 15:27+0100\nLast-Translator: Iñaki Larrañaga Murgoitio <dooteo@zundan.com>\nLanguage-Team: Basque <itzulpena@euskalgnu.org>\nLanguage: eu\nMIME-Version: 1.0\nContent-Type: text/plain; charset=UTF-8\nContent-Transfer-Encoding: 8bit\nX-Generator: KBabel 1.11.4\nPlural-Forms: nplurals=2; plural=(n != 1);\n"
"Quicktime version %d.%d.%d (%s)\nLibmpeg3 version %d.%d.%d\n","Quicktime bertsioa: %d.%d.%d (%s)\nLibmpeg3 betsioa: %d.%d.%d\n"
"This program is free software; you can redistribute it and/or modify it under the terms\nof the GNU General Public License as published by the Free Software Foundation; either version\n2 of the License, or (at your option) any later version.\n\nThis program is distributed in the hope that it will be useful, but WITHOUT ANY WARRANTY;\nwithout even the implied warranty of MERCHANTABILITY or FITNESS FOR A PARTICULAR\nPURPOSE.  See the GNU General Public License for more details.\n\n","Programa hau software librea da; birbana eta/edo alda dezakezu Software Foundation-ek argitaratutako\nGNU Lizentzia Publiko Orokorraren 2. bertsioan, edo (nahiago baduzu) beste berriago batean,\njasotako baldintzak betez gero.\n\nPrograma hau erabilgarria izango delakoan banatzen da, baina, INOLAKO BERMERIK GABE;\nera berean, ez da bermatzen beraren EGOKITASUNA MERKATURATZEKO edo HELBURU PARTIKULARRETARAKO ERABILTZEKO.\nArgibide gehiago nahi izanez gero, ikus GNU Lizentzia Publiko Orokorra.\n\n"
"Device path:","Gailuaren bide-izena:"
"Bits:","Bit-ak:"
"Device:","Gailua:"
"Stop playback locks up.","Saihestu erreprodukzioa blokeatzea."
"Server:","Zerbitzaria:"
"Port:","Ataka:"
"Device Path:","Gailuaren bide-izena:"
"Channel:","Kanala:"
"Syt Offset:","SYT desplazamendua:"
"VirtualAConsole::load_track Couldn't open %s.\n","VirtualAConsole::load_track: ezin izan da %s ireki.\n"
"fade","iraungitu"
"pan","panoramikoa"
"Select a file for this asset:","Hautatu kliparen fitxategia:"
"File format:","Formatua:"
"Bytes:","Byteak:"
"Bitrate (bits/sec):","Bit-tasa (bit/seg):"
"Audio:","Audioa:"
"Compression:","Konpresioa:"
"Channels:","Kanalak:"
"Sample rate:","Lagin-tasa:"
"Header length:","Goiburuaren luzera:"
"Byte order:","Byte ordena:"
"Lo-Hi","Baxua-Altua"
"Hi-Lo","Altua-Baxua"
"Values are unsigned","Balioak definitu gabe daude"
"Values are signed","Balioak definituta daude"
"Video:","Bideoa:"
"Frame rate:","Abiadura:"
"Width:","Zabalera:"
"Height:","Altuera:"
"Subtitle tracks:","Azpitituluen pistak:"
"Fix interlacing:","Finkatu gurutzelarkatzea:"
"Asset's interlacing:","Klipak gurutzelarkatzea:"
"Interlace correction:","Gurutzelarkatze zuzenketa:"
"Reel Name:","Bobinaren izena:"
"Reel Number:","Bobinaren zenbakia:"
"Time Code Start:","Hasierako denbora-kodea:"
"Automatically Fix Interlacing","Doitu automatikoki gurutzelarkatzea"
" Path"," Bide-izena"
"Select a file","Hautatu fitxategia"
"Info...","Informazioa..."
"Rebuild index","Berreraiki indizea"
"Sort items","Ordenatu elementuak"
"View","Ikusi"
"Paste","Itsatsi"
"Match project size","Doitu proiektuaren tamaina"
"Match frame rate","Doitu fotograma-abiadura"
"Remove from project","Kendu proiektutik"
"Remove from disk","Kendu diskotik"
"Permanently remove from disk?","Betirako ezabatu disko gogorretik?"
"Audio %d","Audioa %d"
"Rewind ( Home )","Atzeratu (etxea)"
"Fast Reverse ( + )","Atzeratze azkarra (+)"
"Reverse Play ( 6 )","Atzeratu (6)"
"Stop ( 0 )","Gelditu (0)"
"Play ( 3 )","Erreproduzitu (3)"
"Pause","Gelditu"
"Fast Forward ( Enter )","Aurreratze azkarra (Sartu)"
"Jump to end ( End )","Salto amaierara (Amaiera)"
"Title","Titulua"
"Comments","Iruzkinak"
"Time Stamps","Denbora-markak"
"New bin","Bitar berria"
"Delete bin","Ezabatu bitarra"
"Rename bin","Aldatu bitarraren izena"
"Delete asset from disk","Ezabatu klipa disko gogorretik"
"Delete asset from project","Ezabatu klipa proiektutik"
"Edit information on asset","Editatu kliparen informazioa"
"Redraw index","Marraztu berriro indizea"
"Paste asset on recordable tracks","Itsatsi klipa pista-grabagarrietan"
"Append asset in new tracks","Erantsi klipa pista berrietan"
"View asset","Ikusi klipa"
"Edit...","Editatu..."
"Display icons","Erakutsi ikonoak"
"Display text","Erakutsi testua"
"Open","Ireki"
"File exists","Fitxategia badago"
"OK","Ados"
"Untimed","Kronometratu gabe"
"Timed","Kronometratua"
"Unknown","Ezezaguna"
"Enabled","Gaituta"
"Output","Irteera"
"Elapsed","Igarotakoa"
"Batch Render...","Batch-ekin errendatzea..."
"EDL %s not found.\n","Ez da %s EDL-rik aurkitu.\n"
"Output path:","Irteerako bide-izena:"
"EDL Path:","EDLren bide-izena:"
"Input EDL","Sarrerako EDLa"
"Select an EDL to load:","Hautatu EDLa kargatzeko:"
"Batches to render:","Batch-ak errendatzeko:"
"Stop","Gelditu"
"Close","Itxi"
"New","Berria"
"Delete","Ezabatu"
"Save List","Gorde zerrenda"
"Save a Batch Render List","Gorde batch-en errendatzeko zerrenda"
"Save Batch Render List","Gorde batch-en errendatzeko zerrenda"
"Enter a Batch Render filename to save as:","Batch-en errendatzeko fitxategi-izena gordetzeko:"
"Load List","Kargatu zerrenda"
"Load a previously saved Batch Render List","Kargatu aurrez gordetako batch-en errendatzeko zerrenda"
"Load Batch Render List","Kargatu batch-en errendatzeko zerrenda"
"Enter a Batch Render filename to load from:","Sartu batch-en errendatzeko fitxategi-izena kargatzeko:"
"Start","Hasi"
"BRender::fork_background: can't open /proc/self/cmdline.\n","BRender::fork_background: ezin da /proc/self/cmdline ireki.\n"
"BRender::set_video_map called to set NOT_SCANNED\n","BRender::set_video_map deitu da NOT_SCANNED ezartzeko\n"
"BRender::set_video_map %jd: attempt to set beyond end of map %jd.\n","BRender::set_video_map %d: %d. maparen kanpoan uzteko saiakera.\n"
"Look for file","Bilatu fitxategia"
"Windowed","Lehioa"
"Zoom 25%","Zooma: %25"
"Zoom 33%","Zooma: %33"
"Zoom 50%","Zooma: %50"
"Zoom 75%","Zooma: %75"
"Zoom 100%","Zooma: %100"
"Zoom 150%","Zooma: %150"
"Zoom 200%","Zooma: %200"
"Zoom 300%","Zooma: %300"
"Zoom 400%","Zooma: %400"
"Zoom Auto","Zooma automatikoa"
"Reset camera","Berrezarri kamera"
"Reset projector","Berrezarri proiektorea"
"Reset translation","Berrezarri translazioa"
"Show controls","Erakutsi kontrolak"
"Hide controls","Ezkutatu kontrolak"
"Fullscreen","Pantaila osoa "
"Close source","Itxi iturburua"
"PAL_EUROPE","PAL_EUROPA"
"PAL_E_EUROPE","PAL_E_EUROPA"
"PAL_ITALY","PAL_ITALIA"
"PAL_IRELAND","PAL_IRLANDA"
"None","Bat ere ez"
"Select","Hautatu"
"Add...","Gehitu..."
"Move up","Eraman gora"
"Move down","Eraman behera"
"Sort","Ordenatu"
"Scan","Arakatu"
"Picture...","Irudia..."
"Set parameters for channel scanning.","Ezarri parametroak kanala arakatzeko."
"Frequency table:","Maiztasun-taula:"
"Norm:","Araua:"
"Input:","Sarrera:"
"Title:","Titulua:"
"Fine:","Fina:"
"Brightness:","Distira:"
"Contrast:","Kontrastea:"
"Color:","Kolorea:"
"Hue:","Ñabardura:"
"Whiteness:","Zuritasuna:"
"Channel","Kanala"
"Edit channels","Editatu kanalak"
"A clip with that name already exists.","Izen berdineko klip bat badago lehendik ere."
"Comments:","Iruzkinak:"
"( Answering No will destroy changes )","('EZ' erantzutean aldaketak ezabatuko dira)"
"Yes","Bai"
"No","Ez"
"Cancel","Utzi"
"The following files exist.  Overwrite them?","Honako fitxategiak existitzen dira. Gainidatzi?"
"Protect video from changes","Babestu bideoa aldaketetatik"
"Edit mask","Editatu maskara"
"Zoom view","Zoom-ikuspegia"
"Adjust camera automation","Doitu kameraren automatizazioa"
"Adjust projector automation","Doitu proiektorearen automatizazioa"
"Crop a layer or output","Moztu geruza edo irteera"
"Get color","Lortu kolorea"
"Show tool info","Erakutsi tresnaren informazioa"
"Show safe regions","Erakutsi eskualde seguruak"
"insert assets","txertatu klipak"
"mask point","maskara-puntua"
"camera","kamera"
"projector","proiektorea"
"Do it","Egin ezazu"
"W:","Z:"
"H:","A:"
"Left justify","Justifikatu ezkerrean"
"Center horizontal","Zentratu horizontalki"
"Right justify","Justifikatu eskuinean"
"Top justify","Justifikatu goian"
"Center vertical","Zentratu bertikalki"
"Bottom justify","Justifikatu behean"
"Multiply alpha","Bidertu alfa"
"Subtract alpha","Kendu alfa"
"Cycle next","Hurrengoa"
"Cycle prev","Aurrekoa"
"Apply mask before plugins","Aplikatu maskara plugin-en aurretik"
"Mode:","Modua:"
"Value:","Balioa:"
"Mask number:","Maskara-IDa:"
"Feather:","Difuminatu:"
"DC Offset","DC desplazamendua"
"Delete existing indexes","Ezabatu existitzen diren indizeak"
"Delete all indexes in %s?","%s(e)ko indize guztiak ezabatu?"
"In point ( [ )","Sarrera-puntua ([)"
"Out point ( ] )","Irteera-puntua (])"
"Next label ( ctrl -> )","Hurrengo etiketa (Ktrl ->)"
"Previous label ( ctrl <- )","Aurreko etiketa (Ktrl <-)"
"Lift","Altxatu"
"Overwrite ( b )","Gainidatzi (b)"
"Extract","Erauzi"
"To clip ( i )","Klipara (i)"
"Manual goto ( g )","Eskuzko 'Joan hona' (g)"
"Splice ( v )","Lotu (v)"
"Cut ( x )","Ebaki (x)"
"Copy ( c )","Kopiatu (c)"
"Append to end of track","Erantsi pistaren amaieran"
"Insert before beginning of track","Txertatu pistaren aurretik"
"Paste ( v )","Itsatsi (v)"
"Set transition","Ezarri trantsizioa"
"Set presentation up to current position","Ezarri aurkezpena uneko posizioan"
"Undo ( z )","Desegin (z)"
"Redo ( shift Z )","Berregin (Maius Z)"
"Toggle label at current position ( l )","Txandakatu etiketa uneko posizioan (l)"
"Fit selection to display ( f )","Doitu hautapena ikuspegiari (f)"
"Fit all autos to display ( Alt + f )","Doitu banda automatikoki ikuspegira (Alt+f)"
"Drag and drop editing mode","Arrastatu eta jaregin moduko edizioa"
"Cut and paste editing mode","Ebaki eta itsatsi moduko edizioa"
"Generate keyframes while tweeking","Sortu gako-fotogramak automatikoki"
"Lock labels from moving","Blokeatu etiketak mugitzea"
"Attach effect...","Erantsi efektua..."
"Resize track...","Aldatu pistaren tamaina..."
"Match output size","Doitu irteeraren tamainara"
"Delete track","Ezabatu pista"
"Add track","Gehitu pista"
"User title...","Erabiltzailearen titulua..."
"User title","Erabiltzailearen titulua"
"Warning: chopping the reel name to eight characters!\n","Abisua: bobina-izena 8 karakteretara murrizten.\n"
"Export EDL...","Esportatu EDLa..."
"No.","Ez"
"Track name","Pista-izena"
"Select a file to export to:","Hautatu fitxategia bertara esportatzeko:"
"Output to file","Irteera fitxategira"
"Select a file to write to:","Hautatu fitxategia bertan idazteko:"
"Select track to be exported:","Hautatu pista esportatzeko:"
"Currently only CMX 3600 format is supported","Unean CMX 3600 formatua soilik onartzen da"
"This format doesn't support audio.","Formatu honek ez audiorik onartzen."
"This format doesn't support video.","Formatu honek ez du bideorik onartzen."
"Lo Hi","Baxua-Altua"
"Hi Lo","Altua-Baxua"
"MPEG Audio","MPEG Audioa"
"AVI Arne Type 1","AVI Arne 1. mota"
"AVI DV Type 2","AVI DV 2. mota"
"Raw DV","DV gordina"
"JPEG Sequence","JPEG sekuentzia"
"Quicktime for Linux","Quicktime Linux-entzako"
"Raw PCM","PCM gordina"
"PNG Sequence","PNG sekuentzia"
"Unknown sound","Soinu ezezaguna"
"TGA Sequence","TGA sekuentzia"
"TIFF Sequence","TIFF sekuentzia"
"MPEG Video","MPEG bideoa"
"EXR Sequence","EXR sekuentzia"
"8 Bit Linear","8 bit lineala"
"16 Bit Linear","16 bit lineala"
"24 Bit Linear","24 bit lineala"
"32 Bit Linear","32 bit lineala"
"u Law","U Law"
"Float","Mugikorra"
"RGB ALPHA","GBU Alfa"
"PNG ALPHA","PNG Alfa"
"Codec: ","Kodeka: "
"Compressor: 16 bit PCM","Konpresorea: 16 bit PCM"
"Attributes:","Atributuak:"
"Compressor: Consumer DV","Konpresorea: DV publiko orokorra"
"Assuming raw PCM:","PCM gordina:"
"Quality:","Kalitatea:"
"Dual H.264","H.264 bikoitza"
"Dual MPEG-4","MPEG-4 bikoitza"
"PNG with Alpha","PNG alfarekin"
"Uncompressed RGB","GBU konpresio gabea"
"Uncompressed RGBA","GBUA konpresio gabea"
"Component Y'CbCr 8-bit 4:2:2 (yuv2)","Y'CbCr 8-bit 4:4:4 osagaia"
"Component Y'CbCr 8-bit 4:2:2 (2vuy)","Y'CbCr 8-bit 4:4:4 osagaia"
"YUV 4:1:1 Packed","YUV 4:1:1 paketatua"
"Component Y'CbCr 8-bit 4:4:4","Y'CbCr 8-bit 4:4:4 osagaia"
"Component Y'CbCrA 8-bit 4:4:4:4","Y'CbCrA 8-bit 4:4:4:4 osagaia"
"Component Y'CbCr 10-bit 4:4:4","Y'CbCr 10-bit 4:4:4 osagaia"
"JPEG Photo","JPEG argazkia"
"Motion JPEG A","JPEG A mugimendua"
"Twos complement","Twos osagaia"
"Unsigned","Sinatu gabe"
"MPEG-4 Audio","MPEG-4 audioa"
"Made with Cinelerra for Linux","GNU/Linux-eko Cinelerrarekin sortua"
"Bits per channel:","Bit kanaleko:"
"Dither","Bilbatu"
"Bitrate:","Bit-tasa:"
"Variable bitrate","Bit-tasa aldakorra"
"Min bitrate:","Gutxiengo bit-tasa:"
"Avg bitrate:","Batez besteko bit-tasa:"
"Max bitrate:","Gehiengo bit-tasa:"
"Quantization Quality (%):","Kalitate-kuantifikazioa (%):"
"Quantization:","Kuantifikazioa:"
"Bitrate tolerance:","Bit-tasaren jasamena:"
"Interlaced","Gurutzelarkatuta"
"Keyframe interval:","Gako-fotogramen bitartea:"
"Quantizer:","Eskala:"
"RC Period:","RC aldia:"
"Reaction Ratio:","Erreakzio-tasa:"
"Reaction Period:","Erreakzio-aldia:"
"Max Key Interval:","Gakoen gehiengo bitartea:"
"Max Quantizer:","Gehi. eskala:"
"Min Quantizer:","Gut. eskala:"
"Fix bitrate","Finkatu bit-tasa"
"Fix quantization","Finkatu kuantifikazioa"
"encode: lame_init_params returned %d\n","kodetu: lame_init_params-ek %d itzuli du\n"
"No options for MPEG transport stream.","MPEG korronteak ez du aukerarik."
"Layer:","Geruza:"
"Kbits per second:","Kbit segundoko:"
"Color model:","Kolore-eredua:"
"Format Preset:","Formatuaren aurrehautaketa:"
"Derivative:","Eratorria:"
"I frame distance:","I fotograma-distantzia:"
"P frame distance:","P fotograma-distantzia:"
"Bottom field first","Beheko eremua aurrenik"
"Progressive frames","Fotograma progresiboak"
"Denoise","Kendu zarata"
"Sequence start codes in every GOP","Hasierako sekuentzi-kodea 'irudi-talde' bakoitzean"
"Generic MPEG-1","MPEG-1 orokorra"
"standard VCD","VCD estandarra"
"user VCD","Erabiltzailearen VCDa"
"Generic MPEG-2","MPEG-2 orokorra"
"standard SVCD","SVCD estandarra"
"user SVCD","Erabiltzailearen SVCDa"
"VCD Still sequence","VCD sekuentzia finkoa"
"SVCD Still sequence","SVCD sekuentzia finkoa"
"Fixed bitrate","Finkatutako bit-tasa"
"Fixed quantization","Finkatutako kuantifikazioa"
"Use alpha","Erabili alfa"
"Signed","Sinatuta"
"RGB compressed","GBU konprimitua"
"RGBA compressed","GBUA konprimitua"
"RGB uncompressed","GBU konprimitu gabe"
"RGBA uncompressed","GBUA konprimitu gabe"
"Output Path:","Irteerako bide-izena:"
"Use Pipe:","Erabili kanalizazioa:"
"Stream Header:","Korronte-goiburua:"
"Interlacing:","Gurutzelarkatua:"
"Pipe Presets:","Kanalizazioaren aurrehautaketa:"
"The format you selected doesn't support video.","Hautatutako formatuak ez du bideoa onartzen."
"The format you selected doesn't support audio.","Hautatutako formatuak ez du soinua onartzen."
"IMA4 compression is only available in Quicktime movies.","IMA4 konpresioa Quicktime motako filmeetan soilik dago erabilgarri."
"ULAW compression is only available in\nQuicktime Movies and PCM files.","ULAW konpresioa Quicktime filmeetan eta PCM \nfitxategietan soilik erabil daiteke."
"Change file format","Aldatu fitxategi-formatua"
"User Defined","Erabiltzaileak definitua"
"Presets:","Aurrehautaketak:"
"File Format:","Formatua:"
"MPEG transport stream","MPEG korrontea"
"Configure audio compression","Konfiguratu audioaren konpresioa"
"Configure video compression","Konfiguratu bideoaren konpresioa"
"Record audio tracks","Grabatu audioko pistak"
"Render audio tracks","Errendatu audioko pistak"
"Record video tracks","Grabatu bideoaren pistak"
"Render video tracks","Errendatu bideoaren pistak"
"Overwrite project with output","Gainidatzi proiektua irteerarekin"
"Create new file at each label","Etiketa bakoitzean fitxategi berria sortu"
"Creating %s.","%s sortzen."
"IndexFile::draw_index: index has 0 zoom\n","IndexFile::draw_index: indizearen zoomak 0 du\n"
"Drag all following edits","Arrastatu hurrengo plano guztiak"
"Drag only one edit","Arrastatu plano bakarra"
"Drag source only","Arrastatu iturburua soilik"
"No effect","Efektu gabe"
"Time Format","Denbora-formatua:"
"frames per foot","fotograma oineko"
"Index files","Indizeen fitxategiak"
"Index files go here:","Indizeen fitxategiak:"
"Index Path","Indizeen bide-izena"
"Select the directory for index files","Hautatu direktorioa indizeen fitxategientzako"
"Size of index file:","Indizeen fitxategiaren tamaina:"
"Number of index files to keep:","Indizeen fitxategi kopurua:"
"Editing","Edizioa"
"Dragging edit boundaries does what:","Planoko mugak arrastatzearen ekintza:"
"Button 1:","1. botoia:"
"Button 2:","2. botoia:"
"Button 3:","3. botoia:"
"Min DB for meter:","Gutxiengo DBa neurtzeko:"
"Max DB:","Geh. DBa:"
"Theme:","Gaia:"
"Use Hours:Minutes:Seconds.xxx","Orduak:Minutuak:Segundoak.xxx"
"Use Hours:Minutes:Seconds:Frames","Orduak:Minutuak:Segundoak.fotogramak"
"Use Samples","Laginak"
"Use Frames","Fotogramak"
"Use Hex Samples","Lagin hamaseitarrak"
"Use Seconds","Segundoak"
"Use Feet-frames","Oin-fotogramak"
"Use thumbnails in resource window","Erabili koadro txikiak baliabideen leihoan"
"Show tip of the day","Erakutsi eguneko aholkua"
"Delete keyframe","Ezabatu gako-fotograma"
"delete keyframe","ezabatu gako-fotograma"
"Show keyframe settings","Erakutsi gako-fotogramaren ezarpenak"
"Copy keyframe","Kopiatu gako-fotograma"
"smooth curve","zuzendu kurbak"
"linear segments","Garbitu gako-fotogramak"
"Previous label","Aurreko etiketa"
"Next label","Hurrengo etiketa"
"Load files...","Kargatu fitxategiak..."
"Select files to load:","Hautatu fitxategiak kargatzeko:"
"Replace current project.","Ordeztu uneko proiektua."
"Replace current project and concatenate tracks.","Ordeztu uneko proiektua eta kateatu pistak."
"Append in new tracks.","Erantsi pista berrietan."
"Concatenate to existing tracks.","Kateatu dauden pistei."
"Create new resources only.","Sortu baliabide berriak."
"load previous","kargatu aurrekoa"
"Load backup","Kargatu babeskopia"
"load backup","kargatu babeskopia"
"Please enter the reel name and number","Sartu bobinaren izena eta zenbakia"
"Use default or previous name and number","Erabili izen eta zenbaki lehenetsia edo aurrekoa"
"Insert nothing","Ezer ez txertatu"
"Replace current project","Ordeztu uneko proiektua"
"Replace current project and concatenate tracks","Ordeztu uneko proiektuak eta kateatu pistak"
"Append in new tracks","Erantsi pista berrietan."
"Concatenate to existing tracks","Kateatu dauden pistei."
"Paste at insertion point","Itsatsi txertatzeko puntuan"
"Create new resources only","Sortu baliabide berriak soilik."
"Insertion strategy:","Txertatzeko estrategia:"
"\nUsage:\n","\nErabilera:\n"
"%s [-f] [-c configuration] [-d port] [-n nice] [-r batch file] [filenames]\n\n","%s [-f] [-c konfigurazioa] [-d ataka] [-n lehentasuna] [-r batch_fitxategia] [fitxategi_izenak]\n\n"
"-d = Run in the background as renderfarm client.  The port (400) is optional.\n","-d = atzeko planoan exekutatu errendategi baten bezero gisa. Ataka (400) aukerazkoa da.\n"
"-f = Run in the foreground as renderfarm client.  Substitute for -d.\n","-f = exekutatu aurreko planoan errendategi baten bezero gisa. '-d'ren ordezkoa.\n"
"-n = Nice value if running as renderfarm client. (20)\n","-n = NICE lehentasunaren balioa errendategiko bezeroa denean. (20)\n"
"-c = Configuration file to use instead of %s%s.\n","-c = %s%s-(r)en ordez erabiliko den konfigurazio-fitxategia.\n"
"-r = batch render the contents of the batch file (%s%s) with no GUI.  batch file is optional.\n","-r = batch fitxategiaren (%s%s) edukia errendizatzen du interfaze grafikorik gabe. Batch fitxategia aukerazkoa da.\n"
"filenames = files to load\n\n\n","fitxategi-izenak = fitxategiak kargatzeko\n\n\n"
"Building Indexes...","Indizeak sortzen..."
"File","Fitxategia"
"Edit","Editatu"
"Keyframes","Gako-fotogramak"
"Audio","Audioa"
"Video","Bideoa"
"Tracks","Pistak"
"Settings","Ezarpenak"
"Fade","Iraungitu"
"Mute","Mututu"
"Mode","Modua"
"Pan","Panoramikoa"
"Mask","Maskara"
"Camera X","X kamera"
"Camera Y","Y kamera"
"Camera Z","Z kamera"
"Projector X","X proiektagailua"
"Projector Y","Y proiektagailua"
"Projector Z","Z proiektagailua"
"Window","Leihoa"
"Dump CICache","Irauli CICache"
"Dump EDL","Irauli EDL"
"Dump Plugins","Irauli plugin-ak"
"Dump Assets","Irauli klipak"
"Undo","Desegin"
"Undo %s","Desegin %s"
"Redo","Berregin"
"Redo %s","Berregin %s"
"Cut keyframes","Ebaki gako-fotogramak"
"Copy keyframes","Kopiatu gako-fotogramak"
"Paste keyframes","Itsatsi gako-fotogramak"
"Clear keyframes","Garbitu gako-fotogramak"
"Straighten curves","Zuzendu kurbak"
"Cut default keyframe","Ebaki gako-fotograma lehenetsia"
"Copy default keyframe","Kopiatu gako-fotograma lehenetsia"
"Paste default keyframe","Itsatsi gako-fotograma lehenetsia"
"Clear default keyframe","Garbitu gako-fotograma lehenetsia"
"Cut","Ebaki"
"Copy","Kopiatu"
"Clear","Garbitu"
"Paste silence","Itsatsi isiltasuna"
"Select All","Hautatu denak"
"Clear labels","Garbitu etiketak"
"Mute Region","Mututu eskualdea"
"Trim Selection","Doitu hautapena"
"Default Transition","Trantsizio lehenetsia"
"Map 1:1","1:1 erlazioa"
"Map 5.1:2","5.1:2 erlazioa"
"Reset Translation","Berrezarri translazioa"
"Delete tracks","Ezabatu pistak"
"Delete last track","Ezabatu azken pista"
"Move tracks up","Eraman pistak gora"
"Move tracks down","Eraman pistak behera"
"Concatenate tracks","Kateatu pistak"
"Loop Playback","Erreproduzitu begiztan"
"Set background render","Ezarri atzeko planoan errendatzea"
"Edit labels","Editatu etiketak"
"Edit effects","Editatu efektuak"
"Autos follow edits","Planoen jarraipen automatikoa"
"Align cursor on frames","Lerrokatu kurtsorea fotogrametara"
"Slow Shuttle","Kurtsore motela"
"Fast Shuttle","kurtsore azkarra"
"Save settings now","Gorde ezarpenak orain"
"Saved settings.","Ezarpenak gordetak."
"Show Viewer","Erakutsi ikustailea"
"Show Resources","Erakutsi baliabideak"
"Show Compositor","Erakutsi konposaketa-leihoa"
"Show Overlays","Erakutsi gainjarpen-leihoa"
"Show Levels","Erakutsi maila-leihoa"
"Default positions","Posizio lehenetsiak"
"%s ETA: %s","%s falta den denbora: %s"
"hour  min     sec     msec","ordu  min     seg     mseg"
"Render effect...","Errendatu efektua..."
"No recordable tracks specified.","Ez da pista grabagarririk zehaztu."
"No plugins available.","Ez dago plugin erabilgarririk."
"No output file specified.","Ez da irteerako fitxategirik zehaztu."
"No effect selected.","Ez da efekturik hautatu."
"No selected range to process.","Ez da barrutirik hautatu prozesatzeko."
"Couldn't open %s","Ezin izan da %s ireki"
"Select an effect","Hautatu efektu bat"
"Select the first file to render to:","Hautatu aurreneko fitxategia errendatzeko:"
"Select a file to render to:","Hautatu fitxategia errendatzeko:"
"Set up effect panel and hit ""OK""","Konfiguratu efektuen panela eta sakatu ""Ados"""
"Show meters","Erakutsi bolumena"
"MWindow::init_plugins: couldn't open %s directory\n","MWindow::init_plugins: ezin izan da %s direktorioa ireki\n"
"MWindow::init_theme: Default theme %s not exists.\nMaybe an install problem\n","MWindow::init_theme: ezin izan da %s gaia aurkitu.\n"
"Failed to open %s","Huts egin du %s irekitzean"
"'s format couldn't be determined.","-(r)en formatua ezin izan da zehaztu."
"load","kargatu"
"Initializing GUI","Interfazea hasieratzen"
"Couldn't open %s for writing.","Ezin izan da %s ireki idazteko."
"remove assets","kendu klipak"
"Using %s.","%s erabiltzen."
"add track","gehitu pista"
"This project's dimensions are not multiples of 4 so\nit can't be rendered by OpenGL.","Proiektu honen dimentsioak ez direnez 4-ren multiploak\nezin izango da OpenGL-en errendatu."
"asset to size","klipa tamainara"
"asset to rate","klipa tasara"
"clear","garbitu"
"straighten curves","zuzendu kurbak"
"clear keyframes","garbitu gako-fotogramak"
"clear default keyframe","garbitu gako-fotograma lehenetsia"
"clear labels","garbitu etiketak"
"concatenate tracks","kateatu pistak"
"crop","moztu"
"cut","ebaki"
"cut keyframes","ebaki gako-fotogramak"
"cut default keyframe","ebaki gako-fotograma lehenetsia"
"delete tracks","ezabatu pistak"
"delete track","ezabatu pista"
"detach transition","kendu trantsizioa"
"insert effect","txertatu efektua"
"drag handle","arrastatze-heldulekua"
"match output size","doitu irteerako tamainara"
"move edit","aldatu planoa lekuz"
"move effect","aldatu efektua lekuz"
"move effect up","eraman efektua gora"
"move effect down","eraman efektua behera"
"move track down","eraman pista behera"
"move tracks down","eraman pistak behera"
"move track up","eraman pista gora"
"move tracks up","eraman pistak gora"
"mute","mututu"
"overwrite","gainidatzi"
"paste","itsatsi"
"paste assets","itsatsi klipak"
"paste keyframes","itsatsi gako-fotogramak"
"paste default keyframe","itsatsi gako-fotograma lehenetsia"
"silence","isiltasuna"
"transition","trantsizioa"
"No default transition %s found.","Ez da %s trantsizio lehenetsia aurkitu."
"resize track","aldatu pista tamainaz"
"in point","sarrerako puntua"
"out point","irteerako puntua"
"splice","lotu"
"Clip %d","%d. klipa"
"%s\nCreated from main window","%s\nLeiho nagusitik sortua"
"label","etiketa"
"trim selection","doitu hautapena"
"new folder","karpeta berria"
"map 1:1","1:1 erlazioa"
"New...","Berria..."
"Cinelerra: New Project","Cinelerra: proiektu berria"
": New Project",": proiektu berria"
"Parameters for the new project:","Proiektu berriaren parametroak:"
"Tracks:","Pistak:"
"Samplerate:","Lagin-tasa:"
"Framerate:","Fotog.-tasa:"
"Canvas size:","Oihal-tamaina:"
"Aspect ratio:","Erlazioa:"
"Interlace mode:","Gurutzelark.:"
"Auto aspect ratio","Aspektu-erlazio automatikoa"
"Enter the name of the folder:","Idatzi karpetaren izena:"
"Untitled","Izengabea"
"keyframe","gako-fotograma"
"play patch","erreproduzitu soinua"
"mute patch","mututu soinua"
"record patch","grabatu soinua"
"gang patch","elkartu soinua"
"draw patch","marraztu soinua"
"expand patch","zabaldu soinua"
"Play track","Erreproduzitu pista"
"Arm track","Ainguratu pista"
"Gang faders","Elkartu audio-maila"
"Draw media","Marraztu multimedia"
"Don't send to output","Ez bidali irteerara"
"track title","pistaren titulua"
"Nudge","Desplazatu"
"Cache size (MB):","Cache-tamaina (MB):"
"Seconds to preroll renders:","Errendatzeari aurrehartzeko seg.:"
"Background Rendering (Video only)","Atzeko planoan errendatzea (bideoa soilik)"
"Frames per background rendering job:","Fotogramak (atz.planoan errendatzeko):"
"Frames to preroll background:","Fotogramak Atz.Pl-an aurrehartzeko:"
"Output for background rendering:","Irteera atz.planoan errendatzeko:"
"Render Farm","Errendategia"
"Nodes:","Nodoak:"
"Hostname:","Ostalari-izena:"
"Master node framerate: %0.3f","Nodo nagusiaren fotograma-tasa: %0.3f"
"Total jobs to create:","Lan kopurua sortzeko:"
"(overridden if new file at each label is checked)","(gainidatzi 'Etiketa bakoitzean fitxategi berria' gaituta egotean)"
"On","Aktiboa"
"Hostname","Ostalari-izena"
"Port","Ataka"
"Framerate","Fotograma-tasa:"
"Use background rendering","Erabaili atz.planoan errendatzea"
"Use render farm","Erabili errendategia"
"Force single processor use","Derrigortu prozesadore bakarra erabiltzea"
"Consolidate output files on completion","Bermatu irteerako fitxategiak burutzean"
"Add Node","Gehitu nodoa"
"Apply Changes","Aplikatu aldaketak"
"Delete Node","Ezabatu nodoa"
"Sort nodes","Ordenatu nodoak"
"Reset rates","Berrezarri tasak"
"Use virtual filesystem","Erabili fitxategi-sistema birtuala"
"Audio Out","Audio-irteera"
"Playback buffer size:","Erreproduzitzeko buffer-tamaina:"
"Audio offset (sec):","Audioaren despl. (seg):"
"Audio Driver:","Kontrolatzailea:"
"Video Out","Bideo irteera"
"Framerate achieved:","Fotograma-tasa:"
"Scaling equation:","Eskalatze-ekuazioa:"
"Preload buffer for Quicktime:","Quicktime-n bufferra:"
"DVD Subtitle to display:","DVDaren azpititulua bistaratzeko:"
"Timecode offset:","Denbora-despl.:"
"Video Driver:","Bideo-kontrolatzailea:"
"View follows playback","Erreprodukzioaren ikuspegia"
"Audio playback in real time priority (root only)","Erreproduzitu audioa denbora errealean ('root' soilik)"
"Nearest neighbor enlarge and reduce","""Hurbilenaren arabera"" luzatzeko eta uzkurtzeko"
"Bicubic enlarge and reduce","Bi-kubikoa luzatzeko eta uzkurtzeko"
"Bicubic enlarge and bilinear reduce","Bi-kubikoa luzatzeko eta bilineala uzkurtzeko"
"Bilinear enlarge and bilinear reduce","Bilineala luzatzeko eta uzkurtzeko"
"Interpolate CR2 images","Interpolatu CR2 irudiak"
"White balance CR2 images","CR2 irudien zuri-balantzea"
"Decode frames asynchronously","Dekodetu fotogramak asinkronoki"
"Play every frame","Erreprod. fotog. bakoitza"
"Enable subtitles","Gaitu azpitituluak"
"Fast reverse ( + )","Azkar atzerantz (+)"
"Normal reverse ( 6 )","Atzeratu (6)"
"Frame reverse ( 4 )","Atzeratu fotograma (4)"
"Normal forward ( 3 )","Aurreratu ( 3 )"
"Frame forward ( 1 )","Aurreratu fotograma (1)"
"Fast forward ( Enter )","Azkar aurrerantz (Sartu)"
"Author: %s","Egilea: %s"
"License: %s","Lizentzia: %s"
"%s took %s","%s-(r)en iraupena: %s"
"No processing defined for this plugin.\n","Plugin-ak ez du prozesurik definituta.\n"
"attach effect","erantsi efektua"
"Plugins:","Plugin-ak:"
"Shared effects:","Efektu partekatuak:"
"Shared tracks:","Pista partekatuak:"
"Change...","Aldatu..."
"Detach","Kendu"
"detach effect","kendu efektua"
"Send","Bidali"
"Receive","Hartu"
"Show","Erakutsi"
"Preferences...","Hobespenak..."
"Playback","Erreproduzitu"
"Recording","Grabazioa"
"Performance","Errendimendua"
"Interface","Interfazea"
"About","Honi buruz"
"Apply","Aplikatu"
"Quit","Irten"
"Can't quit while a recording is in progress.","Ezin da irten grabatzen ari den bitartean."
"Can't quit while a render is in progress.","Ezin da irten errendatzen ari den bitartean."
"Save edit list before exiting?","Gorde muntai-zerrenda irten aurretik?"
"Delete this file and %s?","Ezabatu fitxategia eta %s?"
"Record...","Grabatu..."
"record","grabatu"
"Deleting","Ezabatzen"
"No space left on disk.","Ez dago lekurik disko gogorrean."
"Path","Bide-izena"
"News","Albisteak"
"Start time","Hasiera-denbora"
"Duration","Iraupena"
"Source","Iturburua"
"Path:","Bide-izena:"
"Start time:","Hasiera:"
"Duration time:","Iraupena:"
"Source:","Iturburua:"
"Transport:","Garraioa:"
"Select a file to record to:","Hautatu fitxategia grabatzeko:"
"Format:","Formatua:"
"Audio compression:","Audio-konpresioa:"
"Clipped samples:","Moztutako laginak:"
"Video compression:","Bideo-konpresioa:"
"Frames behind:","Falta diren fotogramak:"
"Position:","Posizioa:"
"Prev label:","Aurreko etiketa:"
"Batches:","Batch-ak:"
"Save the recording and quit.","Gorde grabazioa eta irten."
"Quit without pasting into project.","Irten proiektuan itsatsi gabe."
"Quit and paste into project.","Itsatsi proiektuan eta irten."
"Start Over","Hasi berriro"
"Rewind the current file and erase.","Birbobinatu uneko fitxategia eta ezabatu."
"Fill frames","Bete fotogramak"
"Write extra frames when behind.","Idatzi fotograma gehigarriak atzeratzean."
"Monitor video","Monitorizatu bideoa"
"Monitor audio","Monitorizatu audioa"
"Offset","Desplazamendua"
"Create new clip.","Sortu klip berria."
"Delete clip.","Ezabatu klipa."
"Start batch recording\nfrom the current position.","Hasi grabazioa batch moduan\nuneko posiziotik."
"Activate","Aktibatu"
"Make the highlighted\nclip active.","Egin aktibo\nhautautako klipa."
"Label","Etiketa"
"Interrupt recording in progress?","Bertan behera utzi uneko grabazioa?"
"Rewind batch and overwrite?","Birbobinatu batch-a eta gainidatzi?"
"Swap fields","Trukatu eremuak"
"Audio In","Audio-sarrera"
"Record Driver:","Kontrolatzailea:"
"Samples to write to disk at a time:","Laginak aldi berean diskoan idazteko:"
"Sample rate for recording:","Lagin-tasa grabatzeko:"
"Channels to record:","Kanalak grabatzeko:"
"Video In","Bideo-sarrera"
"Frames to record to disk at a time:","Fotogramak aldi berean diskoan grabatzeko:"
"Frames to buffer in device:","Gailuaren bufferreko fotogramak:"
"Size of captured frame:","Kapturaren tamaina:"
"Frame rate for recording:","Grabazio-tasa:"
"Images","Irudiak"
"Seconds","Segundoak"
"Record in realtime priority (root only)","Grabatu denbora errealean ('root' soilik)"
"Sync drives automatically","Sinkronizatu diskoak automatikoki"
"Import images with a duration of","Inportatutako irudien iraupena:"
"Start interactive recording\nfrom current position","Hasi grabazio interaktiboa\nuneko posiziotik"
"Record single frame","Grabatu fotograma bakarra"
"Preview recording","Aurrikusi grabazioa"
"Stop operation","Gelditu eragiketa"
"Start over","Hasi berriro"
"Fast rewind","Atzeratze azkarra"
"Fast forward","Aurreratze azkarra"
"Seek to end of recording","Kokatu grabazioaren amaieran"
"Render...","Errendatu..."
"Rendering %s...","%s errendatzen..."
"Rendering...","Errendatzen..."
"Rendering took %s","Errendatze-denbora: %s"
"Starting render farm","Hasi errendategia"
"Failed to start render farm","Huts egin du errendategia abiatzean"
"Error rendering data.","Errorea datuak errendatzean."
"render","errendatu"
"Render range:","Barrutia:"
"Project","Proiektua"
"Selection","Hautapena"
"In/Out Points","Sarrerako/Irteerako puntuak"
"RenderFarmServerThread::start_loop: socket\n","RenderFarmServerThread::start_loop: socket-a\n"
"RenderFarmServerThread::open_client: unknown host %s.\n","RenderFarmServerThread::open_client: %s ostalaria ezezaguna.\n"
"RenderFarmServerThread::run: unknown request %02x\n","RenderFarmServerThread::run: %02x eskaera ezezaguna\n"
"RenderFarmClient::main_loop: socket","RenderFarmClient::main_loop: socket-a"
"RenderFarmClient::main_loop: bind port %d: %s","RenderFarmClient::main_loop: lotu %d ataka: %s"
"RenderFarmClient::main_loop: bind path %s: %s\n","RenderFarmClient::main_loop: lotu %s bide-izena: %s\n"
"RenderFarmClient::main_loop: listen","RenderFarmClient::main_loop: entzun"
"RenderFarmClient::main_loop: accept","RenderFarmClient::main_loop: onartu"
"RenderFarmClientThread::run: Session finished.\n","RenderFarmClientThread::run: saioa amaituta.\n"
"RenderProfile:","Errendatze-profila:"
"Render profile:","Errendatze-profila:"
"Save profile","Gorde profila"
"Delete profile","Ezabatu profila"
"This track's dimensions are not multiples of 4 so\nit can't be rendered by OpenGL.","Pista honen dimentsioak ez direnez 4-ren multiploak\nezin izango da OpenGL-n errendatu."
"Size:","Tamaina:"
"Scale:","Eskala:"
"ResourcePixmap::draw_audio_source: failed to check out %s for drawing.\n","ResourcePixmap::draw_audio_source: huts egin du %s egiaztatzean marrazteko.\n"
"Save backup","Gorde babeskopia"
"Saved backup.","Babeskopia gordeta."
"Save","Gorde"
"""%s"" %dC written","""%s"" %dC idatzita"
"Save as...","Gorde honela..."
"Couldn't open %s.","Ezin izan da %s ireki"
"Enter a filename to save as","Sartu fitxategiaren izena gordetzeko"
"Format...","Formatua..."
"set format","ezarri formatua"
"Channel positions:","Kanalen posizioak:"
"W Ratio:","Z. erlazioa:"
"H Ratio:","A. erlazioa:"
"%d degrees","%d gradu"
"Loading...","Kargatzen..."
"Welcome to Cinelerra.","Ongi etorri Cinelerrara."
"Cancel operation","Utzi eragiketa"
"Where is %s?","Non dago %s?"
"When configuring slow effects, disable playback for the track.  After configuring it,\nre-enable playback to process a single frame.","Desgaitu pista erreproduzitzea efektu motelak konfiguratzean. Konfiguratu ondoren, \ngaitu berriro erreproduzitzea fotograma bakarra prozesatzeko."
"Ctrl + any transport command causes playback to only cover\nthe region defined by the in/out points.","Sakatu Ktrl + garraio-komandoa sarrerako eta irteerako puntuen \narteko eskualdeak soilik erreproduzitzeko."
"Shift + clicking a patch causes all other patches except the\nselected one to toggle.","Aukera batean Maius + klik egitean hautatutakoa ezik, beste aukera\nguztiak txandakatuko dira."
"Clicking on a patch and dragging across other tracks causes\nthe other patches to match the first one.","Botoi batean klik egitean eta beste pistetan zehar arrastatzean\nbeste aukera guztiak aurrenekoarekin bat etortzea eragiten du."
"Shift + clicking on an effect boundary causes dragging to affect\njust the one effect.","Efektu baten mugetan Maius + klik egitean efektu\nhorrengain soilik eragingo du arrastatzeak."
"Load multiple files by clicking on one file and shift + clicking on\nanother file.  Ctrl + clicking toggles individual files.","Hainbat fitxategi kargatzeko, egin klik fitxategi batean eta Maius tekla\nsakatuta edukiz egin klik beste fitxategian (tartean dauden fitxategi\nguztiak aukeratuko ditu baita ere). Tarteko fitxategi guztiak aukeratu\nordez, fitxategi zehatz batzuk aukeratzeko erabili Ktrl tekla."
"Ctrl + left clicking on the time bar cycles forward a time format.\nCtrl + middle clicking on the time bar cycles backward a time format.","Denbora-barran Ktrl + saguaren ezkerreko botoiarekin klik eginez \ndenbora-formatua aurreratzen du.\nKtrl + erdiko botoiarekin klik eginez atzera egiten du."
"Use the +/- keys in the Compositor window to zoom in and out.\n","Konposaketa-leihoan +/- teklak erabili zooma handiagotzeko edo txikiagotzeko.\n"
"Pressing Alt while clicking in the cropping window causes translation of\nall 4 points.\n","Mozketa-leihoan Alt tekla sakatuta klik egitean\n4 puntuen translazioa eragiten du.\n"
"Pressing Tab over a track toggles the Record status.\nPressing Shift-Tab over a track toggles the Record status of all the other tracks.\n","Pista baten gainean Tabulatzailea tekla sakatzean grabazioaren egoera\ntxandakatzen du.\nPista baten gainean Maius + Tabulatzailea tekla sakatzean beste pista\nguztien grabazioaren egoera txandakatzen du.\n"
"Audio->Map 1:1 maps each recordable audio track to a different channel.\nMap 5.1:1 maps 6 recordable AC3 tracks to 2 channels.\n","Audioa->1:1 erlazioak audioko pista grabagarria beste kanal bati esleitzen dio.\n5.1:1 erlazioak AC3 motako 6 pista grabagarri 2 kanalei esleitzen die.\n"
"Alt + left moves to the previous edit handle.\nAlt + right moves to the next edit handle.\n","Alt + ezkerrera teklak aurreko muntai-heldulekura joaten da.\nAlt + eskuinera teklak hurrengo muntai-heldulekura joaten da.\n"
"Show tip of the day.","Erakutsi eguneko aholkua."
"Next tip","Hurrengo aholkua"
"Previous tip","Aurreko aholkua"
"select","hautatu"
"Seconds:","Segundoak:"
"Length: %2.2f sec","Iraupena: %2.2f segundo"
"Attach...","Erantsi..."
"Length","Iraupena"
"Host:","Ostalaria:"
"Adaptor:","Egokigailua:"
"Output channel:","Irteerako kanala:"
"Display:","Erakutsi:"
"Display for compositor:","Erakutsi konposaketa-leihoa:"
"Show assets","Erakutsi klipak"
"Show titles","Erakutsi tituluak"
"Show transitions","Erakutsi trantsizioak"
"Plugin Autos","Plugin automatikoak"
"mode","modua"
"Normal","Normala"
"Replace","Ordeztu"
"Addition","Gehiketa"
"Subtract","Kenketa"
"Multiply","Biderketa"
"Divide","Zatiketa"
"Max","Gehien."
"Video %d","%d. bideoa"
"Viewer","Ikustailea"
"%s\n Created from:\n%s","%s\nSorrera:\n%s"
"Duration visible in the timeline","Iraupen ikusgaia denbora-lerroan"
"Audio waveform scale","Audioaren uhinaren eskala"
"Height of tracks in the timeline","Pisten altuera denbora-lerroan"
"Automation range maximum","Automatizazio barrutiaren gehiengoa"
"Automation range minimum","Automatizazio barrutiaren gutxienekoa"
"Automation Type","Automatizazio mota"
"Audio Fade:","Audioa iraungitzea:"
"Video Fade:","Bideoa iraungitzea:"
"Zoom:","Zooma:"
"Automation range","Automatizazio barrutia"
"Selection start time","Hautapenaren hasiera-denbora"
"Selection length","Hautapenaren iraupena"
"Selection end time","Hautapenaren amaiera-denbora"
"cannot connect to X server.\n","ezin da X zerbitzariarekin konektatu.\n"
"'DISPLAY' environment variable not set.\n","Inguruneko 'DISPLAY' aldagaia ezarri gabe dago.\n"
"Change the filter","Aldatu iragazkia"
"Cancel the operation","Bertan behera utzi eragiketa"
"Submit the directory","Bidali direktorioa"
"Descend directory","Jaitsi direktorioa"
"Submit the file","Bidali fitxategia"
"Create new folder","Sortu karpeta berria"
"Up a directory","Igo direktorioa"
"Delete files","Ezabatu fitxategiak"
"Refresh","Freskatu"
": New folder",": karpeta berria"
": Delete",": ezabatu"
"Theme::get_image: %s not found.\n","Theme::get_image: ez da %s aurkitu.\n"
"BC_Theme::check_used: Images aren't used.\n","BC_Theme::check_used: irudiak ez dira erabili.\n"
"Odd field first","Eremu bakoitiak aurrenik"
"Even field first","Eremu bikoitiak aurrenik"
"1080 to 540","1080-tik 540-ra"
"720 to 480","720-tik 480-ra"
"Lock parameters","Blokeatu parametroak"
"AgingTV","Filma zahartzea"
"Film aging from EffectTV\nCopyright (C) 2001 FUKUCHI Kentarou","Filma zahartzea, EffectTV-ren eskutik\nCopyright (C) 2001 FUKUCHI Kentarou"
"Grain","Alea"
"Scratch","Urradura"
"Pits","Zuloak"
"Dust","Hautsa"
"In","Sarrera"
"Out","Irteera"
"Bands:","Bandak:"
"Direction:","Norabidea:"
"Reset","Berrezarri"
" Mask Selection","Hautapena"
"Color Selection","Doitu hautapena"
"hue","Ñabardura"
"saturation","Saturazioa"
"value","Balioa"
"red","Gorria"
"green","Berdea"
"blue","Lauso urdina"
" Invert Selection","Alderantzikatu Telezinema"
"-*-helvetica-medium-r-normal-*-14-*","-*-helvetica-medium-r-normal-*-10-*"
"Blur","Lausotu"
"Radius","Erradioa"
"Vertical","Bertikala"
"Horizontal","Horizontala"
"Blur alpha","Alfa lausoa"
"Blur red","Lauso gorria"
"Blur green","Lauso berdea"
"Blur blue","Lauso urdina"
"Brightness/Contrast","Distira/Kontrastea"
"Boost luminance only","Bultzatu luminantzia soilik"
"BurningTV","Filma erretzen"
"BurningTV from EffectTV\nCopyright (C) 2001 FUKUCHI Kentarou","Filma erretzen, EffectTV-ren eskutik\nCopyright (C) 2001 FUKUCHI Kentarou"
"CD Ripper","CD erauzlea"
"Can't open cdrom drive.","Ezin da CD-ROM gailua ireki."
"Can't get total from table of contents.","Ezin da edukiaren aurkibide osoa eskuratu."
"Can't get table of contents entry.","Ezin da edukiaren aurkibidea eskuratu."
"Can't get table of contents leadout.","Ezin da edukiaren aurkibidearen amaiera aurkitu."
"Start track is out of range.","Hasierako pista barrutitik kanpo dago."
"End track is out of range.","Amaierako pista barrutitik kanpo dago."
"End position is out of range.","Amaierako posizioa barrutitik kanpo dago."
"Select the range to transfer:","Hautatu barrutia transferitzeko:"
"Track","Pista"
"Sec","Seg"
"From","Nondik"
"To","Nora"
"CD Device:","CD gailua:"
"Slope:","Malda:"
"Threshold:","Atalasea:"
"Color...","Kolorea..."
"Use value","Erabili balioa"
"Use color picker","Erabili kolore-hautatzailea"
"Inner color","Barneko kolorea"
"Chroma key","Gako-kromatikoa"
"Key parameters:","Gakoaren parametroak:"
"Hue Tolerance:","Ñabarduraren jasamena:"
"Min. Brightness:","Gut. distira:"
"Max. Brightness:","Geh. distira:"
"Saturation Offset:","Saturazioaren despl.:"
"Min Saturation:","Gut. saturazioa:"
"Mask tweaking:","Maskara doikuntza:"
"In Slope:","Sarrerako malda:"
"Out Slope:","Irteerako malda:"
"Alpha Offset:","Alfa despl.:"
"Spill light control:","Argitasun parasitoaren kontrola:"
"Spill Threshold:","Argitasun parasitoaren atalasea:"
"Spill Compensation:","Argitasun parasitoaren konpentsazioa:"
"Show Mask","Erakutsi maskara"
"Chroma key (HSV)","Gako kromatikoa (ÑSB)"
"Saturation:","Saturazioa:"
"White balance","Zuri-balantzea"
"Color Balance","Kolore-balantzea"
"Cyan","Cyana"
"Red","Gorria"
"Green","Berdea"
"Yellow","Horia"
"Blue","Urdina"
"Preserve luminosity","Mantendu argitasuna"
"Color Picker","Kolore-hautatzailea"
"Hue","Ñabardura"
"Saturation","Saturazioa"
"Value","Balioa"
"Alpha","Alfa"
"Compressor","Konpresorea"
"Reaction secs:","Erantzun-denbora (s):"
"Decay secs:","Gainbehera-denbora (s):"
"Trigger Type:","Abiarazle mota:"
"Trigger:","Abiarazlea:"
"Point:","Puntua:"
"Input level","Sarrera maila"
"Input","Sarrera"
"Smooth only","Leundu soilik"
"Crossfade","Urtze kateatua"
"Input frames per second:","Sarrerako fotogramak segundoko:"
"Last frame dropped: ","Jaregindako azken fotograma:"
"Decimate","Dezimala"
"Deinterlace","Desgurutzelarkatu"
"Select deinterlacing mode","Hautatu gurutuzelarkatze modua"
"Changed rows: %d\n","Aldatutako errenkadak: %d\n"
"Keep top field","Mantendu goiko eremua"
"Keep bottom field","Mantendu beheko eremua"
"Average top fields","Goiko eremuen batez bestekoa"
"Top field first","Goiko eremua aurrenik"
"Threshold","Atalasea"
"Bob Threshold","Bob atalasea"
"Adaptive","Moldatzailea"
"Duplicate one field","Bikoiztu eremu bat"
"Average one field","Eremu baten batez bestekoa"
"Average both fields","Bi eremuen batez bestekoa"
"Bob & Weave","Bob eta Weave"
"Spatial field swap","Eremuen espazioa trukatzea"
"Temporal field swap","Eremuak aldi baterako trukatzea"
"Do Nothing","Ez egin ezer"
"Delay audio","Audio-atzerapena"
"Delay seconds:","Atzerapen segundoak:"
"Delay Video","Bideo-atzerapena"
"Level:","Maila:"
"Denoise power:","Zarata kentzeko maila:"
"Number of samples for reference:","Erreferentzien lagin kopurua:"
"The keyframe is the start of the reference","Gako-fotograma erreferentziaren hasiera da"
"DenoiseFFT","FFT zarata kentzea"
"Progressive","Pixkanaka"
"Fast","Bizkor"
"Search radius:","Bilatu erradioa:"
"Pass 1 threshold:","Atalasea, 1. urratsa:"
"Pass 2 threshold:","Atalasea, 2. urratsa:"
"Sharpness:","Zorroztasuna:"
"Luma contrast:","Luma kontrastea:"
"Chroma contrast:","Kontraste kromatikoa:"
"Delay frames:","Atzeratu fotogramak:"
"Denoise video2","2. bideoaren zarata kentzea"
"Selective Temporal Averaging","Aldi baterako hautapenaren batez bestekoa"
"Frames to average","Fotogramak batez bestean erabiltzeko"
"Use Method:","Erabili metodoa:"
"None ","Bat ere ez"
"Selective Temporal Averaging: ","Aldi baterako hautapenaren batez bestekoa: "
"Av. Thres.","Batez.best. atal."
"S.D. Thres.","D.E. atal."
"R / Y","G / Y"
"G / U","B / U"
"B / V","U / V"
"Average","Batez bestekoa"
"Standard Deviation","Desbiderapen mota"
"First frame in average:","Aurreneko fotograma batez bestekoan:"
"Fixed offset: ","Despl. finkatua:"
"Restart marker system:","Berrabiarazteko marka-sistema:"
"Other Options:","Beste aukerak:"
"Gain:","Irabazia:"
"Reprocess frame again","Prozesatu fotograma berriro"
"Disable subtraction","Desgaitu kenketa"
"This Frame is a start of a section","Fotograma sekzioaren hasiera da"
"Frames to accumulate:","Fotogramak pilatzeko:"
"Denoise video","Kendu bideoaren zarata"
"Despike","Kendu parasitoak"
"Maximum level:","Gehienezko maila:"
"Maximum rate of change:","Aldaketaren gehienezko tasa:"
"Use Value","Erabili balioa"
"Difference key","Gako diferentzia"
"Dissolve","Disolbatu"
"DotTV","TB puntuekin"
"DotTV from EffectTV\nCopyright (C) 2001 FUKUCHI Kentarou","TB puntuekin, EffectTV-ren eskutik\nCopyright (C) 2001 FUKUCHI Kentarou"
"Horizontal offset","Despl. horizontala"
"Vertical offset","Despl. bertikala"
"Downsample","Lagin-murrizketa"
"Fields to frames","Eremuak fotogrametara"
"Search radius:\n(W/H Percent of image)","Translazioaren bilaketa-erradioa:\n(Irudiaren Z/A-ren ehunekoa)"
"Object size:\n(W/H Percent of image)","Biraketaren bloke-tamaina:\n(Irudiaren Z/A-ren ehunekoa)"
"Block X:","X blokea:"
"Block Y:","Y blokea:"
"Object layer:","Irteerako geruza:"
"Replacement object layer:","Ordeztu uneko proiektua"
"Output/scene layer:","Irteerako geruza:"
"Object blend amount:","Eskala-kopurua:"
"Draw border","Marraztu bektoreak"
"Draw keypoints","Marraztu orpoa"
"Replace object","Ordeztu uneko proiektua"
"Draw object border","Marraztu bektoreak"
"Don't Calculate","Ez kalkulatu"
"Flash","Flasha"
"Flip","Irauli"
"Frames to fields","Fotogramak eremuetara"
"Freeze","Izoztu"
"Roomsize:","Piezaren tamaina:"
"Damp:","Moteldu:"
"Wet:","Aldatutako seinalea:"
"Dry:","Jatorrizko seinalea:"
"Freeze Frame","Izoztu fotograma"
"Gain","Irabazia"
"Maximum:","Gehienezkoa"
"Automatic","Automatikoa"
"Plot histogram","Bistaratu histograma"
"Use Color Picker","Erabili kolore-hautatzailea"
"Shape:","Forma:"
"Rate:","Tasa:"
"Inner radius:","Barruko erradioa:"
"Outer radius:","Kanpoko erradioa:"
"Angle:","Angelua:"
"Center X:","X zentrua:"
"Center Y:","Y zentrua:"
"Linear","Lineala"
"Radial","Erradiala"
"Log","Logaritmikoa"
"Square","Seinale karratua"
"Inner color:","Barneko kolorea:"
"Outer color:","Kanpoko kolorea:"
"Outer color","Kanpoko kolorea"
"Gradient","Gradientea"
"Histogram","Histograma"
"Input X:","X sarrera:"
"Input Y:","Y sarrera:"
"Output min:","Gutxieneko irteera:"
"Output Max:","Gehienezko irteera:"
"Split output","Zatitu irteera"
"HolographicTV","Filma holografikoa"
"HolographicTV from EffectTV\nCopyright (C) 2001 FUKUCHI Kentarou","Filma holografikoa, EffectTV-ren eskutik\nCopyright (C) 2001 FUKUCHI Kentarou"
"Hue saturation","Ñabarduraren saturazioa"
"Interpolate","Interpolatu"
"X Offset:","X despl.:"
"Y Offset:","Y despl.:"
"Interpolate Pixels","Interpolatu pixelak"
"Use keyframes as input","Erabili fotogramak sarrera gisa"
"Invert Audio","Alderantzikatu audioa"
"Invert R","Alderantzikatu G"
"Invert G","Alderantzikatu B"
"Invert B","Alderantzikatu U"
"Invert A","Alderantzikatu A"
"Invert Video","Alderantzikatu bideoa"
"IrisSquare","Diafragma karratua"
"Inverse Telecine","Alderantzikatu Telezinema"
"Pattern offset:","Ereduaren despl.:"
"Pattern:","Eredua:"
"Automatic IVTC","IVTC automatikoa"
"Sphere Stretch","Tiratu"
"Stretch","Tiratu"
"R Field of View:","Despl. finkatua:"
"G Field of View:","Despl. finkatua:"
"B Field of View:","Despl. finkatua:"
"A Field of View:","Despl. finkatua:"
"Aspect Ratio:","Erlazioa:"
"Radius:","Erradioa:"
"Draw center","Marraztu bektoreak"
"Duration (seconds):","Iraupena (s):"
"Max soundlevel (dB):","Geh. soinu-maila (dB):"
"RMS soundlevel (dB):","RMS soinu-maila (dB):"
"SoundLevel","Soinu-maila"
"Length:","Luzera:"
"Steps:","Urratsak:"
"Linear Blur","Lausotze lineala"
"Live Audio","Alderantzikatu audioa"
"Live Video","Zuzeneko bideoa"
"Samples to loop:","Laginak begiztan:"
"Loop audio","Audioaren begizta"
"Frames to loop:","Fotogramak begiztan:"
"Loop video","Bideoa begiztan"
"Motion Blur","Mugimendu-lausotzea"
"Motion","Mugimendua"
"Translation search radius:\n(W/H Percent of image)","Translazioaren bilaketa-erradioa:\n(Irudiaren Z/A-ren ehunekoa)"
"Rotation search radius:\n(Degrees)","Biraketaren bilaketa-erradioa:\n(Gradu)"
"Translation block size:\n(W/H Percent of image)","Translazioaren bloke-tamaina:\n(Irudiaren Z/A-ren ehunekoa)"
"Rotation block size:\n(W/H Percent of image)","Biraketaren bloke-tamaina:\n(Irudiaren Z/A-ren ehunekoa)"
"Translation search steps:","Translazioaren bilaketa-urratsak:"
"Rotation search steps:","Biraketaren bilaketa-urratsak:"
"Translation direction:","Translazioaren norabidea:"
"Maximum absolute offset:","Geh. desplazamendu absolutua:"
"Settling speed:","Jaulkipen abiadura:"
"Frame number:","Fotograma zenbakia:"
"Master layer:","Geruza nagusia:"
"Action:","Ekintza:"
"Calculation:","Kalkulua:"
"Track translation","Pistaren translazioa"
"Track rotation","Pistaren biraketa"
"Draw vectors","Marraztu bektoreak"
"Track single frame","Fotograma bakarraren jarraipena"
"Track previous frame","Aurreko fotogramaren jarraipena"
"Previous frame same block","Aurreko fotograma, bloke berdina"
"Top","Gora"
"Bottom","Behera"
"Track Subpixel","Azpipixelaren jarraipena"
"Track Pixel","Pixelaren jarraipena"
"Stabilize Subpixel","Egonkortu azpipixelak"
"Stabilize Pixel","Egonkortu pixelak"
"Recalculate","Kalkulatu berriro"
"Save coords to /tmp","Gorde koordenatuak '/tmp'-en"
"Load coords from /tmp","Kargatu koordenatuak /tmp direktoriotik"
"Horizontal only","Horizontala soilik"
"Vertical only","Bertikala soilik"
"Both","Biak"
"Normalize","Normalizatu"
"Enter the DB to overload by:","Sartu gainkarga (dB):"
"Treat tracks independantly","Tratatu pistak independenteki"
"Use intensity","Erabili intentsitatea"
"Oil painting","Olioz pintatzea"
"Overlay","Gainjarri"
"Bottom first","Behekoa aurrenik"
"Top first","Goikoa aurrenik"
"Layer order:","Geruzen ordena:"
"Output layer:","Irteerako geruza:"
"Lowpass","Behe-pasea"
"Highpass","Goi-pasea"
"Bandpass","Banda-pasa"
"Freq","Maiz."
"Qual","Kali."
"Level","Maila"
"Wetness:","Tratatutako seinalea:"
"EQ Parametric","Eku. parametrikoa"
"Current X:","X posizioa:"
"Perspective","Perspektiba"
"Sheer","Garbitasuna"
"Perspective direction:","Perspektibaren norabidea:"
"Forward","Aurrera"
"Reverse","Atzera"
"Pitch shift","Garaieraren despl."
"Depth:","Sakonera:"
"Polar","Polarra"
"Radial Blur","Lausotze erradiala"
"Reframe","Aldatu fotograma-tasa"
"Scale factor:","Eskala-faktorea:"
"Scale by amount:","Eskala-kopurua:"
"ReframeRT","Aldatu fotograma-tasa - RT"
"Components only","Leundu soilik"
"Alpha replace","Alfa maskara"
"Target track:","Pista partekatuak:"
"Operation:","Erlazioa:"
"Resample","Berriz lagindu"
"Heroine College Concert Hall","Heroine eskolako kontzertu aretoa"
"Couldn't save %s.","Ezin izan da %s gorde."
"Initial signal level:","Hasierako seinale-maila:"
"ms before reflections:","Denbora islapenen aurretik (ms):"
"First reflection level:","Aurreneko islapenaren maila:"
"Last reflection level:","Azken islapenaren maila:"
"Number of reflections:","Islapen kopurua:"
"ms of reflections:","Islapenen iraupena (ms):"
"Start band for lowpass:","Behe-pasaren bandaren hasiera:"
"End band for lowpass:","Behe-pasaren bandaren amaiera:"
"Load...","Kargatu..."
"Save...","Gorde..."
"Set default","Ezarri lehenetsia"
"Save reverb","Gorde ohiartzuna"
"Select the reverb file to save as","Hautatu fitxategia oihartzuna gordetzeko"
"Load reverb","Kargatu oihartzuna"
"Select the reverb file to load from","Hautatu oihartzun-fitxategia kargatzeko"
"Reverse audio","Atzekoz aurrera audioa"
"Reverse video","Atzekoz aurrera bideoa"
"RGB - 601","GBU - 601"
"RGB -> 601 compression","GBU -> 601 konpresioa"
"601 -> RGB expansion","601 -> GBU hedapena"
"Draw pivot","Marraztu orpoa"
"Rotate","Biratu"
"Degrees","Gradu"
"Pivot (x,y):","Orpoa (x,y):"
"Scale","Eskala"
"X Scale:","X eskala:"
"Y Scale:","Y eskala:"
"Constrain ratio","Murriztu erlazioa"
"White to Black","Zuritik beltzera"
"Black to White","Beltzetik zurira"
"Anti-aliasing","Antialiasing-a"
"Preserve shape aspect ratio","Mantendu formaren aspektu-erlazioa"
"Browse...","Arakatu..."
"Choose Shape","Aukeratu forma"
"Choose a Wipe Shape","Aukeratu errezel forma"
"Shape Wipe","Errezel forma"
"Sharpen","Enfokatu"
"Sharpness","Zorroztasuna"
"Interlace","Gurutzelarkatu"
"Luminance only","Luminantzia soilik"
"Odd offset:","Despl. bakoitia:"
"Even offset:","Despl. bikoitia:"
"ShiftInterlace","Gurutzelarkatze-despl."
"Left","Ezkerrera"
"Right","Eskuinera"
"Slide","Gortina"
"Spectrogram","Espektograma"
"SVG via Inkscape","SVG (Inkscape)"
"Running command %s\n","%s komandoa exekutatzen\n"
"Export of %s to %s failed\n","%2$s(e)k huts egin du %1$s esportatzean\n"
"The file %s that was generated from %s is not in RAWC format. Try to delete all *.raw files.\n","%s fitxategia, %s(e)ndik sortutakoa, ez dago RAWC formatuan. Saiatu *.raw fitxategi guztiak ezabatzen.\n"
"Unsupported version of RAWC file %s. This means your Inkscape uses newer RAWC format than Cinelerra. Please upgrade Cinelerra.\n","%s fitxategiak onartu gabeko RAWC formatua du. Inscape aplikazioak Cinelerra baino RAWC formatu berriagoa erabiltzen duela adierazten du. Eguneratu Cinelerra.\n"
"Out X:","Irteerako X:"
"Out Y:","Irteerako Y:"
"New/Open SVG...","Berria/Ireki SVG..."
"Inkscape has exited\n","Inkscape irten egin da\n"
"Plugin window has closed\n","Plugin-en leihoa itxi da\n"
"Running external SVG editor: %s\n","Kanpoko SVG editorea exekutatzen: %s\n"
"External SVG editor finished\n","Kanpoko SVG editorea amaitu da\n"
"SVG Plugin: Pick SVG file","SVG plugin-a: hautatu SVG fitxategia"
"Open an existing SVG file or create a new one","Ireki SVG fitxategia edo sortu berria"
"Swap channels","Trukatu kanalak"
"-> Red","-> Gorria"
"-> Green","-> Berdea"
"-> Blue","-> Urdina"
"-> Alpha","-> Alfa"
"0%","%0"
"100%","%100"
"Synthesizer","Sintetizadorea"
"Phase","Fasea"
"Harmonic","Harmonikoa"
"Waveform","Uhin-forma"
"Wave Function","Uhin-funtzioa"
"Base Frequency:","Oinarri-maiztasuna:"
"Sine","Sinua"
"Sawtooth","Zerra-hortza"
"Triangle","Triangelua"
"Pulse","Pultsua"
"Noise","Zarata"
"Add","Gehitu"
"Maximum","Gehienezkoa"
"Slope","Malda"
"Random","Ausazkoa"
"Invert","Alderantzikatu"
"Enumerate","Zenbatu"
"Even","Bikoitia"
"Odd","Bakoitia"
"Prime","Lehentasuna"
"Low Color","Kolore baxua"
"Mid Color","Tarteko kolorea"
"High Color","Kolore altua"
"Low color","Kolore baxua"
"Mid color","Tarteko kolorea"
"High color","Kolore altua"
"Min:","Gutx.:"
"Max:","Gehien.:"
"Time Average","Denboraren batez bestekoa"
"Accumulate","Pilatu"
"Inclusive Or","EDO inklusiboa"
"Type:","Mota:"
"Time range:","Denbora barrutia:"
"As timefront use:","Erabili aurredenbora gisa:"
"Other track as timefront","Beste pista aurredenbora gisa"
"Alpha as timefront","Alfa aurredenbora gisa"
"Intensity","Intentsitatea"
"Alpha mask","Alfa maskara"
"Inversion","Alderantzikatu"
"Show grayscale (for tuning","Erakutsi gris-eskala"
"TimeFront","AurreDenbora"
"Time stretch","Tiratu denbora"
"hello world","Kaixo mundua"
"GlyphUnit::process_package FT_New_Face failed.\n","GlyphUnit::process_package:  FT_New_Face-k huts egin du.\n"
"GlyphUnit::process_package FT_Load_Char failed - char: %li.\n","GlyphUnit::process_package: FT_Load_Char huts egin du - karakterea: %i.\n"
"TitleMain::load_freetype_face %s failed.\n","TitleMain::load_freetype_face: %s-(e)k huts eign du.\n"
"Iconv conversion from %s to Unicode UCS-4 not available\n","%s(e)tik Unicode UCS-4 kodeketarako Iconv bihurketa ez dago erabilgarri.\n"
"No motion","Mugimendurik gabe"
"Bottom to top","Behetik gora"
"Top to bottom","Goitik behera"
"Right to left","Eskuinetik ezkerrera"
"Left to right","Ezkerretik eskuinera"
"Font:","Letra-tipoa:"
"Style:","Estiloa:"
"Justify:","Justifikatu:"
"Motion type:","Mugimendu mota:"
"Drop shadow:","Jaregin itzala:"
"Fade in (sec):","Pixkanaka agertu (s):"
"Fade out (sec):","Pixkanaka desagertu (s):"
"Speed:","Abiadura:"
"Encoding:","Kodeketa:"
"Outline width:","Ertzaren zabalera:"
"Text:","Testua:"
"Bold","Lodia"
"Italic","Etzana"
"Outline","Ertza"
"Outline color...","Ertzaren kolorea..."
"Loop","Begizta"
"Stamp timecode","Markatu denbora-kodea"
"Center","Zentratu"
"Mid","Erdian"
"Translate","Desplazatu"
"In X:","Sarrerako X:"
"In Y:","Sarrerako Y:"
"In W:","Sarrerako Z:"
"In H:","Sarrerako A:"
"Out W:","Irteerako Z:"
"Out H:","Irteerako A:"
"Unsharp","Zorroztasun gabe"
"Amount:","Kopurua:"
"Inverse","Alderantzikatu"
"VideoScope","Bideoaren esparrua"
"Smear","Lohitu"
"Blacken","Belztu"
"Reflective","Islatzailea"
"Amplitude:","Anplitudea:"
"Phase:","Fasea:"
"Wavelength:","Uhin-luzera:"
"Wave","Uhina"
"Pinch","Tiratu"
"Angle","Angelua"
"Whirl","Bihurritu"
"Wipe","Ezabatu"
"Zoom Blur","Zooma lausotzea"
