"","Project-Id-Version: sl\nReport-Msgid-Bugs-To: cinelerra@lists.cinelerra-cv.org\nPOT-Creation-Date: 2014-07-14 12:39-0400\nPO-Revision-Date: 2004-06-14 13:58+0100\nLast-Translator: Ana Pavlišič <ana.pavlisic@kiss.si>\nLanguage-Team:  <sl@li.org>\nLanguage: \nMIME-Version: 1.0\nContent-Type: text/plain; charset=ISO-8859-2\nContent-Transfer-Encoding: 8bit\n"
"Quicktime version %d.%d.%d (%s)\nLibmpeg3 version %d.%d.%d\n","Različica Quicktime %d.%d.%d\nRazličica Libmpeg3 %d.%d.%d\n"
"This program is free software; you can redistribute it and/or modify it under the terms\nof the GNU General Public License as published by the Free Software Foundation; either version\n2 of the License, or (at your option) any later version.\n\nThis program is distributed in the hope that it will be useful, but WITHOUT ANY WARRANTY;\nwithout even the implied warranty of MERCHANTABILITY or FITNESS FOR A PARTICULAR\nPURPOSE.  See the GNU General Public License for more details.\n\n","Ta program je prosto programje; lahko ga razširjate in/ali spreminjate pod pogoji \nGNU Splošne javne licence, kot jo je objavila Free Software Foundation,\nali (na vašo željo) keterokoli novejšo različico te licence\n\nProgram je na voljo v upanju, da je uporaben, a BREZ KAKRŠNIHKOLI JAMSTEV;\n jamčeno ni niti za njegovo UPORABNOST ali PRIMERNOST ZA DOLOČENO RABO. \nZa nadaljne podrobnosti glejte GNU Splošno javno licenco.\n"
"Device path:","Pot naprave:"
"Bits:","Biti:"
"Device:","Naprava:"
"Server:","Strežnik:"
"Port:","Vrata:"
"Device Path:","Pot naprave:"
"Channel:","Kanal:"
"Syt Offset:","Odmik syt:"
"VirtualAConsole::load_track Couldn't open %s.\n","VirtualAConsole::load_track Ne morem odpreti %s.\n"
"fade","zabris"
"pan","premik kamere"
"Select a file for this asset:","Izberi datoteko za to sredstvo:"
"File format:","Format datoteke:"
"Bytes:","Bajti:"
"Bitrate (bits/sec):","Toleranca bit. hitr.:"
"Audio:","Zvok:"
"Compression:","Kompresija:"
"Channels:","Kanali:"
"Sample rate:","Ferkvenca vzorčenja:"
"Header length:","Dolžina glave:"
"Byte order:","Zapis bajtov:"
"Lo-Hi","Ni-Vi"
"Hi-Lo","Vi-Ni"
"Values are unsigned","Vrednosti so nepredznačene"
"Values are signed","Vrednosti so predznačene"
"Frame rate:","Frekv. slik:"
"Width:","Širina:"
"Height:","Višina:"
"Subtitle tracks:","Skupne steze:"
"Interlace correction:","Smer perspektive:"
"Time Code Start:"," odmik:"
" Path","Pot"
"Select a file","Izberi datoteko"
"Info...","Podatki..."
"Rebuild index","Znova zgradi kazalo"
"Sort items","Razvrsti predmete"
"View","Pogled"
"Paste","Prilepi"
"Match project size","Prilagodi velikost projekta"
"Match frame rate","Frekv. slik:"
"Remove from project","Odstrani iz projekta"
"Remove from disk","Odtrani z diska "
"Permanently remove from disk?","Začasno odtrani z diska?"
"Audio %d","Zvok %d"
"Rewind ( Home )","Previj ( tipka Home )"
"Fast Reverse ( + )","Hitro previjanje nazaj ( + )"
"Reverse Play ( 6 )","Normalno predvajanje nazaj ( 6 )"
"Stop ( 0 )","Ustavi ( 0 )"
"Play ( 3 )","Kopiraj ( c )"
"Fast Forward ( Enter )","Hitro previjanje naprej ( Enter )"
"Jump to end ( End )","Skoči na konec ( tipka End )"
"Title","Naslov"
"Comments","Komentarji"
"New bin","Nov koš"
"Delete bin","Zbriši koš"
"Rename bin","Preimenuj koš"
"Delete asset from disk","Zbriši sredstva iz diska"
"Delete asset from project","Zbriši sredstva iz projekta"
"Edit information on asset","Uredi informacije na sredstvu"
"Redraw index","Znova nariši kazalo"
"Paste asset on recordable tracks","Prilepi sredstvo na snemalne steze"
"Append asset in new tracks","Pripni sredstvo na novo stezo"
"View asset","Poglej sredstvo"
"Edit...","Uredi..."
"Display icons","Kaži ikone"
"Display text","Kaži besedilo"
"OK","V redu"
"Untimed","Ne merjen čas"
"Timed","Merjen čas"
"Unknown","Neznan"
"Enabled","Omogočeno"
"Output","Izhod"
"Elapsed","Pretečen"
"Batch Render...","Serijsko upodabljanje..."
"EDL %s not found.\n","EDL %s ni bil najden.\n"
"Output path:","Pot izhoda:"
"EDL Path:","Pot EDL:"
"Input EDL","Vhod EDL"
"Select an EDL to load:","Izberi EDL za odprtje:"
"Batches to render:","Posli za upodobit:"
"Stop","Ustavi"
"Close","Zapri"
"New","Nova"
"Delete","Zbriši"
"Save List","Shrani kot..."
"Save a Batch Render List","Serijsko upodabljanje..."
"Save Batch Render List","Serijsko upodabljanje..."
"Enter a Batch Render filename to save as:","Vpiši ime datoteke za shranitev"
"Load List","Odpri datoteke..."
"Load Batch Render List","Serijsko upodabljanje..."
"Enter a Batch Render filename to load from:","Izberi reverb datoteko za odprtje"
"Start","Začni"
"BRender::fork_background: can't open /proc/self/cmdline.\n","BRender::fork_background: ne morem odpreti /proc/self/cmdline.\n"
"BRender::set_video_map called to set NOT_SCANNED\n","BRender::set_video_map je bila poklicana za nastavitev NOT_SCANNED\n"
"BRender::set_video_map %jd: attempt to set beyond end of map %jd.\n","BRender::set_video_map %d: poskus nastavitve za koncem katre%d.\n"
"Look for file","Poglej za datoteko"
"Windowed","Okno"
"Zoom 25%","25% povečava"
"Zoom 33%","25% povečava"
"Zoom 50%","50% povečava"
"Zoom 75%","25% povečava"
"Zoom 100%","100% povečava"
"Zoom 150%","50% povečava"
"Zoom 200%","200% povečava"
"Zoom 300%","100% povečava"
"Zoom 400%","100% povečava"
"Zoom Auto","Povečava mehčanja"
"Reset camera","Ponastavi kamero"
"Reset projector","Ponastavi projektor"
"Reset translation","Ponastavi premik"
"Show controls","Kaži kontrole"
"Hide controls","Skrij kontrole"
"Close source","Zapri izvor"
"None","Brez"
"Select","Izberi"
"Add...","Dodaj..."
"Move up","Prestavi gor"
"Move down","Prestavi dol"
"Picture...","Slika..."
"Frequency table:","Tabela frekvenc:"
"Norm:","Standard:"
"Input:","Vhod:"
"Title:","Naslov:"
"Fine:","Precizno:"
"Brightness:","Svetlost:"
"Contrast:","Kontrast:"
"Color:","Barva:"
"Hue:","Odtenek:"
"Whiteness:","Belina:"
"Channel","Kanal"
"Edit channels","Uredi kanale:"
"Comments:","Komentarji:"
"( Answering No will destroy changes )","( Odgovor ""Ne"" bo uničil spremembe ) "
"Yes","Da"
"No","Ne"
"Cancel","Prekliči"
"The following files exist.  Overwrite them?","Sledeče datoteke obstajajo. Ali jih prepišem?"
"Protect video from changes","Zaščiti video pred spremembami"
"Edit mask","Uredi masko"
"Zoom view","Povečava pogleda"
"Adjust camera automation","Prilagodi samodejnost kamere"
"Adjust projector automation","Prilagodi samodejnost projektorja"
"Crop a layer or output","Obreži plast ali izhod"
"Get color","Notranje barva"
"Show tool info","Pokaži podatke orodja"
"Show safe regions","Pokaži varna področja"
"insert assets","vstavi sredstva"
"mask point","maskiraj točko"
"camera","Ponastavi kamero"
"projector","Ponastavi projektor"
"Do it","Naredi"
"W:",":"
"H:",":"
"Left justify","Leva poravnava"
"Center horizontal","Vodoravno centriranje"
"Right justify","Desna poravnava"
"Top justify","Zgornja poravnava"
"Center vertical","Navpično centriranje"
"Bottom justify","Spodnja poravnava"
"Multiply alpha","Zmnoži alfo"
"Subtract alpha","Odštej alfo"
"Cycle next","Kroži naprej"
"Cycle prev","Kroži nazaj"
"Mode:","Način:"
"Value:","Vrednost:"
"Mask number:","Številka maske:"
"Feather:","Mehčanje:"
"DC Offset","Odmik DC"
"Delete existing indexes","Zbriši obstoječa kazala"
"Delete all indexes in %s?","Zbriši vsa kazala v %s?"
"In point ( [ )","Vhodna točka ( [ )"
"Out point ( ] )","Izhodna točka ( ] )"
"Next label ( ctrl -> )","Naslednja oznaka ( ctrl -> )"
"Previous label ( ctrl <- )","Prejšnja oznaka ( ctrl <- )"
"Lift","Dvigni"
"Overwrite ( b )","Piši preko ( b ) "
"Extract","Izloči"
"To clip ( i )","V odsek"
"Splice ( v )","Združi ( v )"
"Cut ( x )","Izreži ( x )"
"Copy ( c )","Kopiraj ( c )"
"Append to end of track","Pripni na konec steze"
"Insert before beginning of track","Vstavi pred začetkom steze"
"Paste ( v )","Prilepi ( v )"
"Set transition","Nastavi prehod"
"Set presentation up to current position","Nastavi predstavitev na trenutni položaj"
"Undo ( z )","Razveljavi ( z )"
"Redo ( shift Z )","Obnovi ( shift Z )"
"Toggle label at current position ( l )","Preklopi oznako na trenutnem položaju ( l )"
"Fit selection to display ( f )","Izbiro prilagodi zaslonu ( f )"
"Fit all autos to display ( Alt + f )","Izbiro prilagodi zaslonu ( f )"
"Drag and drop editing mode","Način urejanja povleci in spusti"
"Cut and paste editing mode","Način urejanja izreči in prilepi"
"Generate keyframes while tweeking","Ustvarjaj ključne slike med prilagajanjem"
"Attach effect...","Pripni učinek..."
"Resize track...","Spremeni velikost steze..."
"Match output size","Prilagodi izhodni velikosti"
"Delete track","Zbriši stezo"
"Add track","Dodaj stezo"
"User title","Brez naslova"
"No.","Ne"
"Track name","Steza/Sledi"
"Select a file to export to:","Izberi datoteko za snemanje:"
"Output to file","Izhod v datoteko"
"Select a file to write to:","Izberi datoteko v katero naj se piše:"
"Select track to be exported:","Izberi datoteko za upodaljanje:"
"This format doesn't support audio.","Ta format ne podpira zvoka."
"This format doesn't support video.","Ta format ne podpira videa."
"Lo Hi","Niž-Viš"
"Hi Lo","Viš-Niž"
"MPEG Audio","Zvok MPEG"
"AVI Arne Type 1","AVI Arne Vrsta 1"
"AVI DV Type 2","AVI DV Vrsta 2"
"AVI Avifile","AVI Datoteka Avi"
"Raw DV","Surov PCM"
"JPEG Sequence","Zaporedje JPEG"
"Quicktime for Linux","Quicktime za Linux"
"Raw PCM","Surov PCM"
"PNG Sequence","Zaporedje PNG"
"Unknown sound","Neznan zvok"
"TGA Sequence","Zaporedje TGA"
"TIFF Sequence","Zaporedje TIFF"
"MPEG Video","Video MPEG"
"OGG Theora/Vorbis","OGG Vorbis"
"EXR Sequence","Zaporedje JPEG"
"8 Bit Linear","Linearno 8 bitno"
"16 Bit Linear","Linearno 16 bitno"
"24 Bit Linear","Linearno 24 bitno"
"32 Bit Linear","Linearno 32 bitno"
"Float","Plavajoča vejica"
"Codec: ","Kodek:"
"Compressor: 16 bit PCM","Kompresija: 16 bit PCM"
"Attributes:","Atributi:"
"Compressor: Consumer DV","Kompresija: Consumer DV"
"Assuming raw PCM:","Predpostavljen surov PCM:"
"Quality:","Kvaliteta:"
"Dual MPEG-4","MPEG-4"
"PNG with Alpha","PNG z alfo"
"Uncompressed RGB","Nekompresiran RGB"
"Uncompressed RGBA","Nekompresiran RGBA"
"YUV 4:2:0 Planar","Planaren YUV 4:2:0"
"Component Y'CbCr 8-bit 4:2:2 (yuv2)","Komponentni Y'CbCr 8-bit 4:4:4"
"Component Y'CbCr 8-bit 4:2:2 (2vuy)","Komponentni Y'CbCr 8-bit 4:4:4"
"YUV 4:1:1 Packed","Pakiran YUV 4:1:1"
"Component Y'CbCr 8-bit 4:4:4","Komponentni Y'CbCr 8-bit 4:4:4"
"Component Y'CbCrA 8-bit 4:4:4:4","Komponentni Y'CbCrA 8-bit 4:4:4:4"
"Component Y'CbCr 10-bit 4:4:4","Komponentni Y'CbCr 10-bit 4:4:4"
"JPEG Photo","Slika JPEG"
"Twos complement","Dvojiški komplement"
"Unsigned","Nepredznačen"
"MPEG-4 Audio","Zvok MPEG"
"Made with Cinelerra for Linux","Narejeno s Cinellero za Linux"
"Bits per channel:","Bitov na kanal:"
"Dither","Razprševanje"
"Bitrate:","Bitna hitrost:"
"Variable bitrate","Spremenljiva bitna hitrost"
"Min bitrate:","Najmanjša bit. hitr.:"
"Avg bitrate:","Povprečna bit. hitr.:"
"Max bitrate:","Največja bit. hitr.:"
"Quantization Quality (%):","Kvantizacija:"
"Quantization:","Kvantizacija:"
"Bitrate tolerance:","Toleranca bit. hitr.:"
"Interlaced","Prepleten"
"Keyframe interval:","Interval ključ. slik:"
"Quantizer:","Kvantizator:"
"RC Period:","Perioda RC:"
"Reaction Ratio:","Razmerje reakcije:"
"Reaction Period:","Perioda reakcije:"
"Max Key Interval:","Najv. int. med klj.:"
"Max Quantizer:","Največji kvantizer:"
"Min Quantizer:","Najmanjši kvantiz.:"
"Fix bitrate","Zakleni bit. hitrost"
"Fix quantization","Zakleni kvantizac."
"encode: lame_init_params returned %d\n","encode: lame_init_params je vrnil/a %d\n"
"Layer:","Plast:"
"Kbits per second:","Kbitov na sekundo:"
"II","ll"
"III","lll"
"Color model:","Barvni način:"
"Format Preset:","Obl. zapisa:"
"Derivative:","Derivat:"
"I frame distance:","Razd. med slik. I:"
"P frame distance:","Razd. med slik. I:"
"Bottom field first","Najprej spodnje polje"
"Progressive frames","Progresivne slike"
"Denoise","Odstranitev šuma"
"Sequence start codes in every GOP","Začetne kode zaporedij GOP"
"Generic MPEG-1","MPEG-1"
"Generic MPEG-2","MPEG-2"
"VCD Still sequence","Zaporedje PNG"
"DVD","DV"
"Fixed bitrate","Stalna bit. hitr."
"Fixed quantization","Stalna kvantizacija"
"Use alpha","Uporabi alfo"
"Signed","Predznačen"
"RGB compressed","Kompresiran RGB"
"RGBA compressed","Kompresiran RGBA"
"RGB uncompressed","Nekompresiran RGB"
"RGBA uncompressed","Nekompresiran RGBA"
"Output Path:","Pot izhoda:"
"Use Pipe:","Kaži vzorce"
"Stream Header:","Skupno glav:"
"Interlacing:","Prepleteno"
"Pipe Presets:","Prednastavitve:"
"The format you selected doesn't support video.","Izbrana oblika zapisa en podpira videa."
"The format you selected doesn't support audio.","Izbrana oblika zapisa ne podpira zvoka."
"IMA4 compression is only available in Quicktime movies.","Kompresija IMA4 je na voljo le v filmih Quicktime."
"ULAW compression is only available in\nQuicktime Movies and PCM files.","Kompresija ULAW je na voljo le v \nfilmih Quicktime in datotekah PCM."
"Change file format","Spremeni format datoteke"
"User Defined","Poljuben"
"Presets:","Prednastavitve:"
"File Format:","Obl. zapisa:"
"Configure audio compression","Nastavi kompresijo zvoka"
"Configure video compression","Nastavi kompresijo videa"
"Record audio tracks","Snemaj zvočne steze"
"Render audio tracks","Upodobi zvočne steze"
"Record video tracks","Snemaj video steze"
"Render video tracks","Upodobi video steze"
"Overwrite project with output","Z izhodom piši preko projekta"
"Create new file at each label","Ob vsaki oznaki naredi novo datoteko"
"Creating %s.","Ustvarjam %s."
"IndexFile::draw_index: index has 0 zoom\n","IndexFile::draw_index: kazalo ima povečavo 0\n"
"Drag all following edits","Vleci vsa sledeča urejanja"
"Drag only one edit","Vleci le eno urejanje"
"Drag source only","Vleci le izvor"
"No effect","Brez učinka"
"Time Format","Obl. zapisa:"
"frames per foot","Slik na čevelj"
"Index files","Datoteke kazala"
"Index files go here:","Mesto datotek kazal:"
"Index Path","Pot kazala"
"Select the directory for index files","Izberi imenik za datoteke kazala"
"Size of index file:","Velikost datoteke kazala:"
"Number of index files to keep:","Število hranjenih datotek kazal:"
"Editing","Urejanje"
"Button 1:","Gumb 1:"
"Button 2:","Gumb 2:"
"Button 3:","Gumb 3:"
"Min DB for meter:","Najmanj DB na mer.:"
"Theme:","Tema:"
"Use Hours:Minutes:Seconds.xxx","Kaži Ure:Minute:Sekunde.xxx"
"Use Hours:Minutes:Seconds:Frames","Kaži Ure:Minute:Sekunde:Slike"
"Use Samples","Kaži vzorce"
"Use Frames","Kaži slike"
"Use Hex Samples","Kaži vzorce v šestnajstiškem zapisu"
"Use Seconds","Sekunde:"
"Use Feet-frames","Kaži čevlje slik"
"Use thumbnails in resource window","Uporabi sličice v oknu virov"
"Show tip of the day","Kaži nazive"
"Delete keyframe","Ključne slike tišine"
"delete keyframe","Ključne slike tišine"
"Show keyframe settings","Shranjene nastavitve."
"Copy keyframe","Kopiraj ključne slike"
"linear segments","Počisti ključne slike"
"Previous label","Prejšnja oznaka"
"Next label","Naslednja oznaka"
"Load files...","Odpri datoteke..."
"Select files to load:","Označi datoteke za odprtje:"
"Replace current project.","Nadomesti trenutni projekt."
"Replace current project and concatenate tracks.","Nadomesti trenutni projekt in spoji steze."
"Append in new tracks.","Dodaj v nove steze."
"Concatenate to existing tracks.","Spoji k obstoječim stezam."
"Create new resources only.","Ustvari le nove vire."
"load previous","odpri prejšnjo"
"Load backup","Odpri varnostno kopijo"
"load backup","odpri varnostno kopijo"
"Insert nothing","Ne vstavi ničesar"
"Replace current project","Zamenjaj trenutni projekt"
"Replace current project and concatenate tracks","Zamenjaj trenutni projekt in spoji steze"
"Append in new tracks","Pripni v nove steze"
"Concatenate to existing tracks","Spoji k obstoječim stezam"
"Paste at insertion point","Prilepi na točki vstavljanja"
"Create new resources only","Ustvari le nove vire"
"Insertion strategy:","Strategija vstavljanja:"
"\nUsage:\n","\nUporaba:\n"
"%s [-f] [-c configuration] [-d port] [-n nice] [-r batch file] [filenames]\n\n","%s [-f] [-c nastavitve] [-d vrata] [-n nice] [-r serijska datoteka] [datoteke]\n\n"
"-d = Run in the background as renderfarm client.  The port (400) is optional.\n","-d = Poženi v ozadju kot farmni odjemalec. Izbira vrat (400) je neobvezna.\n"
"-f = Run in the foreground as renderfarm client.  Substitute for -d.\n","-f = Poženi v ospredju kot farmni odjemalec. Nadomestek za -d\n"
"-n = Nice value if running as renderfarm client. (20)\n","-n = če teče kot farmni odjemalec, nastavi nižjo prioriteto.(20)\n"
"-c = Configuration file to use instead of %s%s.\n","-c = Uporaba nastavitvene datoteke namesto %s%s.\n"
"-r = batch render the contents of the batch file (%s%s) with no GUI.  batch file is optional.\n","-r = serijsko upodabljanje vsebine serijske datoteke (%s%s) brez grafičnega vmesnika. ime serijske datoteke je neobvezno\n"
"filenames = files to load\n\n\n","filenames = datoteke za odprtje\n\n\n"
"Building Indexes...","Ustvarjam kazala..."
"File","Datoteka"
"Edit","Uredi"
"Keyframes","Ključne slike"
"Audio","Zvok"
"Tracks","Steze"
"Settings","Nastavitve"
"Mode","Način"
"Pan","premik kamere"
"Camera X","Povečava kamere"
"Camera Y","Povečava kamere"
"Camera Z","Povečava kamere"
"Projector X","Povečava projektorja"
"Projector Y","Povečava projektorja"
"Projector Z","Povečava projektorja"
"Window","Okno"
"Dump CICache","Izpiši CICache"
"Dump EDL","Izpiši EDL"
"Dump Plugins","Izpiši vtičnike"
"Dump Assets","Izpiši sredstva"
"Undo","Razveljavi"
"Undo %s","Razveljavi %s"
"Redo","Obnovi"
"Redo %s","Obnovi %s"
"Cut keyframes","Izreži ključne slike"
"Copy keyframes","Kopiraj ključne slike"
"Paste keyframes","Prilepi ključne slike"
"Clear keyframes","Počisti ključne slike"
"Cut default keyframe","Izreži privzeto ključno sliko"
"Copy default keyframe","Kopiraj privzeto ključno sliko  "
"Paste default keyframe","Prilepi privzeto ključno sliko"
"Clear default keyframe","Počisti privzeto ključno sliko"
"Cut","Izreži"
"Copy","Kopiraj"
"Clear","Počisti"
"Paste silence","Prilepi tišino"
"Select All","Izberi vse"
"Clear labels","Počisti oznake"
"Mute Region","Utišaj izbrano"
"Trim Selection","Odžagaj na izbrano"
"Default Transition","Privzet prehod"
"Reset Translation","Ponastavi prehod"
"Delete tracks","Zbriši steze"
"Delete last track","Zbriši zadnjo stezo"
"Move tracks up","Premakni steze navzgor"
"Move tracks down","Premakni steze navzdol"
"Concatenate tracks","Zaporedno združi steze"
"Loop Playback","Krožno predvajanje"
"Set background render","Nastavi preračunavanje v ozadju"
"Edit labels","Uredi oznake"
"Edit effects","Uredi učinke"
"Autos follow edits","Samodejnosti sledijo urejanjem"
"Align cursor on frames","Postavi kazalec na slike"
"Slow Shuttle","Počasno premikanje"
"Fast Shuttle","Hitro premikanje"
"Save settings now","Shrani nastaviteve zdaj"
"Saved settings.","Shranjene nastavitve."
"Show Viewer","Kaži pregledovalnik"
"Show Resources","Kaži vire"
"Show Compositor","Kaži skladatelja"
"Show Overlays","Kaži nivoje"
"Show Levels","Kaži nivoje"
"Default positions","Privzeti položaji"
"%s ETA: %s","%s Čas do zaključka: %s"
"Render effect...","Upodobi učinek..."
"No recordable tracks specified.","Določena ni nobena snemalna steza."
"No plugins available.","Na voljo ni noben vtičnik."
"No output file specified.","Izhodna datoteka ni navedena."
"No effect selected.","Izbran ni noben učinek."
"No selected range to process.","Ni izbranega območja za procesiranje."
"Couldn't open %s","Ni bilo mogoče odpreti %s"
"Select an effect","Izberi učinek"
"Select the first file to render to:","Izberi prvo datoteko za upodabljanje:"
"Select a file to render to:","Izberi datoteko za upodaljanje:"
"Set up effect panel and hit ""OK""","Nastavi učinek in pritisni ""V redu"""
"Show meters","Pokaži merilec"
"MWindow::init_plugins: couldn't open %s directory\n","MWindow::init_plugins: ni ibl omogoče odpreti direktorija %s\n"
"MWindow::init_theme: Default theme %s not exists.\nMaybe an install problem\n","MWindow::init_theme: Tema %s ni bila najdena.\n"
"Failed to open %s","Ni bilo mogoče odpreti %s"
"'s format couldn't be determined.","ni bilo mogoče ugotoviti obl. zapisa."
"load","odpri"
"Initializing GUI","Inicializiram grafični uporabniški vmesnik (GUI)"
"Couldn't open %s for writing.","%s ni bilo mogoče odpreti za pisanje."
"remove assets","odstrani sredstva"
"Using %s.","Uporabljam %s."
"add track","dodaj stezo"
"asset to size","sredstvo na velikost"
"asset to rate","sredstvo na velikost"
"clear","počisti"
"clear keyframes","počisti ključne slike"
"clear default keyframe","počisti privzete ključne slike"
"clear labels","Počisti oznake"
"concatenate tracks","spoji steze"
"crop","obreži"
"cut","izreži"
"cut keyframes","izreži ključne slike"
"cut default keyframe","izreži privzeto ključno sliko"
"delete tracks","izbriši steze"
"delete track","izbriši stezo"
"detach transition","odpni prehod"
"insert effect","vstavi učinek"
"drag handle","vleci ročico"
"match output size","prilagodi izhodni velikosti"
"move edit","premakni urejanje"
"move effect","premakni učinek"
"move effect up","premakni učinek gor"
"move effect down","premakni učinek dol"
"move track down","premakni stezo dol"
"move tracks down","premakni stezo dol"
"move track up","premakni stezo gor"
"move tracks up","premakni steze gor"
"mute","tišina"
"overwrite","piši preko"
"paste","prilepi"
"paste assets","prilepi sredstvo"
"paste keyframes","prilepi ključne slike"
"paste default keyframe","prilepi privzeto ključno sliko"
"silence","tišina"
"transition","prehod"
"No default transition %s found.","Privzeti prehod %s ni nil najden."
"resize track","spremeni velikost steze"
"in point","vhodna točka"
"out point","izhodna točka"
"splice","združi"
"Clip %d","Odsek %d\n"
"label","oznaka"
"trim selection","odžagaj na izbrano"
"new folder","nova mapa"
"New...","Nova..."
"Cinelerra: New Project","Cinelerra: Nov projekt"
": New Project",": Nov projekt"
"Parameters for the new project:","Parametri novega projekta:"
"Tracks:","Steze:"
"Samplerate:","Frek. vzorč.:"
"Framerate:","Frekv. slik:"
"Canvas size:","Platno:"
"Aspect ratio:","Razmerje:"
"Interlace mode:","Prepleten"
"Auto aspect ratio","Samodejno razmerje"
"Enter the name of the folder:","Vpiši ime mape:"
"Untitled","Brez naslova"
"keyframe","ključna slika"
"play patch","Predvajaj stezo"
"mute patch","Pot izhoda:"
"record patch","Praskanje"
"Play track","Predvajaj stezo"
"Arm track","Nabij stezo"
"Gang faders","Skupinski zabris"
"Draw media","Riši medij"
"Don't send to output","Ne pošlji v izhod"
"Nudge","Zamik"
"Cache size (MB):","Velikost predpomnilka (MB):"
"Seconds to preroll renders:","Št. sekund previtja upodabljanja:"
"Background Rendering (Video only)","Upodabljanje v ozadju"
"Frames per background rendering job:","Število slik na posel upodabljanja v ozadju:"
"Frames to preroll background:","Za koliko slik previti ozadje:"
"Output for background rendering:","Izhod upodabljanja v ozadju:"
"Render Farm","Upodobljalna farma"
"Nodes:","Vozlišča:"
"Hostname:","Ime gostitelja:"
"Master node framerate: %0.3f","Hitrost slik glavnega vozlišča: %0.3f"
"Total jobs to create:","Skupno število poslov za ustvarit:"
"(overridden if new file at each label is checked)","(prezrto, če je vklop. 'Nova datoteka pri vsaki oznaki')"
"On","Vključeno"
"Hostname","Ime gostitelja"
"Port","Vrata"
"Framerate","Frekvenca slik"
"Use background rendering","Uporabi upodabljanje v ozadju"
"Use render farm","Uporabi upodobljalno farmo"
"Force single processor use","Prisilno uporabi le en procesor"
"Consolidate output files on completion","Združi izhodne datoteke ob končanju"
"Add Node","Dodaj vozlišče"
"Apply Changes","Uveljavi spremembe"
"Delete Node","Zbriši vozlišče"
"Sort nodes","Razvrsti vozlišča"
"Reset rates","Ponastavi produktivnost"
"Use virtual filesystem","Uporabi navidezni datotečni sistem"
"Audio Out","Zvočni izhod"
"Audio offset (sec):","Zabris (sek):"
"Audio Driver:","Gonilnik:"
"Video Out","Video izhod"
"Framerate achieved:","Dosežena frekv. slik:"
"Scaling equation:","Enačba povečave:"
"Preload buffer for Quicktime:","Predpomnilnik za Quicktime:"
"Timecode offset:"," odmik:"
"Video Driver:","Gonilnik:"
"View follows playback","Pogled sledi predvajanu"
"Audio playback in real time priority (root only)","Predvajaj zvok z realno časovno prioriteto (le administrator)"
"Nearest neighbor enlarge and reduce","Pri povečavah in pomanjšavah najbližji sosed"
"Bicubic enlarge and reduce","Bikubično povečanje in pomanjšanje"
"Bicubic enlarge and bilinear reduce","Bikubično povečanje in bilinearno pomanjšanje"
"Bilinear enlarge and bilinear reduce","Bilinearno povečanje in bilinearno pomanjšanje"
"Interpolate CR2 images","Interpoliranje"
"Play every frame","Predvajaj vsako sliko"
"Fast reverse ( + )","Hitro previjanje nazaj ( + )"
"Normal reverse ( 6 )","Normalno predvajanje nazaj ( 6 )"
"Frame reverse ( 4 )","Slika nazaj ( 4 )"
"Normal forward ( 3 )","Normalno predvajanje naprej (3 )"
"Frame forward ( 1 )","Slika naprej ( 1 )"
"Fast forward ( Enter )","Hitro previjanje naprej ( Enter )"
"Author: %s","Avtor: %s"
"License: %s","Licenca: %s"
"%s took %s","%s je vzelo %s"
"No processing defined for this plugin.\n","Za ta vtičnik ni določeno nobeno obdelovanje.\n"
"attach effect","pripni učinek"
"Plugins:","Vtičniki:"
"Shared effects:","Skupni učinki:"
"Shared tracks:","Skupne steze:"
"Change...","Kanal"
"Detach","Odpni"
"detach effect","odpni učinek"
"Send","Pošlji"
"Receive","Sprejmi"
"Show","Kaži"
"Preferences...","Nastavitve..."
"Playback","Predvajanje"
"Recording","Snemanje"
"Performance","Zmogljivost"
"Interface","Vmesnik"
"About","O programu"
"Apply","Uveljavi"
"Quit","Konec"
"Can't quit while a recording is in progress.","Ne morem končati dokler traja snemanje."
"Can't quit while a render is in progress.","Ne morem končati dokler traja upodabljanje."
"Save edit list before exiting?","Pred izhodom shrani seznam urejanj?"
"Delete this file and %s?","To datoteko zbriši in %s?"
"Record...","Snemanje..."
"record","Snemanje"
"Deleting","Brišem"
"No space left on disk.","Na disku ni več prostora."
"Path","Pot"
"News","Novice"
"Start time","Začetni čas"
"Duration","Trajanje"
"Source","Izvor"
"Path:","Pot:"
"Start time:","Začetni čas:"
"Duration time:","Čas trajanja:"
"Source:","Izvor:"
"Transport:","Prenos:"
"Select a file to record to:","Izberi datoteko za snemanje:"
"Format:","Obl. zapisa:"
"Audio compression:","Kompresija zvoka:"
"Clipped samples:","Odsekani vzorci:"
"Video compression:","Kompresija videa:"
"Frames behind:","Slik v zaostanku:"
"Position:","Mesto:"
"Prev label:","Prejšnja oznaka:"
"Batches:","Posli za upodobit:"
"Save the recording and quit.","Shrani posnetek in končaj"
"Quit without pasting into project.","Končaj brez prilepljenja v projekt."
"Quit and paste into project.","Končaj brez prilepljenja v projekt."
"Start Over","Začni znova"
"Rewind the current file and erase.","Previj trenutno datoteko in zbriši."
"Fill frames","Polni slike"
"Write extra frames when behind.","Ob zaostajanju vstavi dodatne slike."
"Monitor video","Glej video"
"Monitor audio","Poslušaj zvok"
"Offset","Odmik"
"Create new clip.","Ustvari nov odsek."
"Delete clip.","Zbriši odsek."
"Start batch recording\nfrom the current position.","Začni paketno senmanje \nod tega položaja."
"Activate","Aktiviraj"
"Make the highlighted\nclip active.","Naredi poudarjen \nodsek aktiven."
"Label","Oznaka"
"Interrupt recording in progress?","Ne morem končati dokler traja snemanje."
"Rewind batch and overwrite?","Previj paket in piši preko?"
"Swap fields","Zamenjaj polja"
"Audio In","Zvočni vhod"
"Record Driver:","Gonilnik:"
"Samples to write to disk at a time:","Število hkrati na disk zapisanih vzorcev:"
"Sample rate for recording:","Snemalna frekv. vzorčenja:"
"Channels to record:","Število zvočnih kanalov za snemanje:"
"Video In","Video vhod"
"Frames to record to disk at a time:","Število hkrati na disk zapisanih slik:"
"Frames to buffer in device:","Število v napravi pomnjenih slik:"
"Size of captured frame:","Velikost zajete slik:"
"Frame rate for recording:","Snemalna frekvenca slik:"
"Seconds","Sekunde:"
"Record in realtime priority (root only)","Snemaj zvok z realno časovno prioriteto (le administrator)"
"Sync drives automatically","Samodejno uskladi pogone"
"Start interactive recording\nfrom current position","Začni interaktivno snemanje\nod trenutnega mesta"
"Record single frame","Posnami eno samo sliko"
"Preview recording","Predogled snemanja"
"Stop operation","Ustavi dejanje"
"Start over","Začni znova"
"Fast rewind","Hitro previjanje nazaj"
"Fast forward","Hitro previjanje naprej"
"Seek to end of recording","Pojdi na konec snemanja"
"Render...","Upodabljanje..."
"Rendering %s...","Upodabljam %s..."
"Rendering...","Upodabljam..."
"Rendering took %s","Upodabljanje je trajalo %s"
"Starting render farm","Zaganjam upodabljalno farmo"
"Failed to start render farm","Nisem uspel pognati upodabljalne farme"
"Error rendering data.","Napaka pri upodabljanju podatkov."
"render","upodabljanje"
"Render range:","Upodobljalna farma"
"Project",": Nov projekt"
"Selection","Izberi"
"In/Out Points","izhodna točka"
"RenderFarmServerThread::start_loop: socket\n","RenderFarmServerThread::start_loop: vtič\n"
"RenderFarmServerThread::open_client: %s: %s\n","RenderFarmServerThread::start_loop: %s: %s\n"
"RenderFarmServerThread::start_loop: socket","RenderFarmServerThread::start_loop: vtič"
"RenderFarmServerThread::open_client: unknown host %s.\n","RenderFarmServerThread::start_loop: neznan gostitelj %s.\n"
"RenderFarmServerThread::run: unknown request %02x\n","RenderFarmServerThread::run: neznana zahteva %02x\n"
"RenderFarmClient::main_loop: socket","RenderFarmClient::main_loop: vtič"
"RenderFarmClient::main_loop: bind port %d: %s","RenderFarmClient::main_loop: povezana vrata %d: %s"
"RenderFarmClient::main_loop: bind path %s: %s\n","RenderFarmClient::main_loop: povezana pot %s: %s\n"
"RenderFarmClient::main_loop: listen","RenderFarmClient::main_loop: poslušaj"
"RenderFarmClient::main_loop: accept","RenderFarmClient::main_loop: sprejmi"
"RenderFarmClientThread::run: Session finished.\n","RenderFarmClientThread::run: Seja zaključena.\n"
"Render profile:","Upodobljalna farma"
"Save profile","Shrani reverb"
"Delete profile","Zbriši vozlišče"
"Size:","Velikost:"
"Scale:","Razmerje:"
"ResourcePixmap::draw_audio_source: failed to check out %s for drawing.\n","ResourcePixmap::draw_audio_source: nisem uspel dobiti %s za risanje.\n"
"Save backup","Shrani varnostno kopijo?"
"Saved backup.","Varnostna kopija shranjena."
"Save","Shrani"
"""%s"" %dC written","""%s"" %dC napisal"
"Save as...","Shrani kot..."
"Couldn't open %s.","Ne morem odpreti %s."
"Enter a filename to save as","Vpiši ime datoteke za shranitev"
"Format...","Oblika..."
"set format","nastavi obliko"
"Channel positions:","Mesta kanalov:"
"W Ratio:","Razm. širine:"
"H Ratio:","Razm. višine:"
"%d degrees","%d stopinj"
"Auto","Samod."
"Loading...","Nalagam..."
"Welcome to Cinelerra.","Dobrodošli v Cinelerri."
"Cancel operation","Prekliči dejanje"
"Where is %s?","Kje je %s?"
"Previous tip","Prejšnja oznaka"
"select","Izberi"
"Seconds:","Sekunde:"
"Length: %2.2f sec","Dolžina: %2.2f sek."
"Attach...","Pripni..."
"Length","Dolžina:"
"Host:","Ime gostitelja:"
"Adaptor:","Prilagodljiv"
"Output channel:","Izhodni kanal:"
"Display:","Zaslon:"
"Display for compositor:","Zaslon skladatelja:"
"Show assets","Kaži urejanja"
"Show titles","Kaži nazive"
"Show transitions","Kaži prehode"
"Plugin Autos","Vtičniki:"
"mode","način"
"Normal","Običajno"
"Replace","Zamenjava"
"Addition","Prištevanje"
"Subtract","Odštevanje"
"Multiply","Množenje"
"Divide","Deljenje"
"Max","Najv.:"
"Viewer","Pregledovalnik"
"Automation Type","Samodejna IVTC"
"Audio Fade:","Zvok %d"
"Video Fade:","Video %d"
"Zoom:","25% povečava"
"Automation range","Samodejno"
"Selection start time","Začetni čas"
"Selection length","Izberi učinek"
"Selection end time","Izberi datoteko"
"cannot connect to X server.\n","Ne morem se povezati s strežnikom X.\n"
"'DISPLAY' environment variable not set.\n","Okoljska spremenljivka 'DISPLAY' ni nastavljena.\n"
"Change the filter","Spremeni filter"
"Cancel the operation","Prekliči dejanje"
"Submit the directory","Pošlji imenik"
"Descend directory","Imenik navzgor"
"Submit the file","Pošlji datoteko"
"Create new folder","Ustvari novo mapo"
"Up a directory","Imenik navzgor"
"Delete files","Zbriši koš"
"Refresh","Znova prerazporedi slike"
": New folder",": Nova mapa"
": Delete","Zbriši"
"-*-helvetica-medium-r-normal-*-10-*","-*-helvetica-bold-r-normal-*-10-*-*-*-*-*-iso8859-2"
"-*-helvetica-medium-r-normal-*-11-*","-*-helvetica-bold-r-normal-*-10-*-*-*-*-*-iso8859-2"
"-*-helvetica-bold-r-normal-*-14-*","-*-helvetica-bold-r-normal-*-14-*-*-*-*-*-iso8859-2"
"-*-helvetica-bold-r-normal-*-18-*","-*-helvetica-bold-r-normal-*-18-*-*-*-*-*-iso8859-2"
"-*-helvetica-bold-r-normal-*-20-*","-*-helvetica-bold-r-normal-*-14-*-*-*-*-*-iso8859-2"
"Theme::get_image: %s not found.\n","Theme::get_image: %s ni bila najdena.\n"
"BC_Theme::check_used: Images aren't used.\n","BC_Theme::check_used: Slike niso uporabljene.\n"
"Odd field first","Najprej liha polja"
"Even field first","Najprej soda polja"
"1080 to 540","1080 na 480"
"720 to 480","720 na 480"
"Lock parameters","Zakleni parametre"
"AgingTV","Postarana televizija"
"Film aging from EffectTV\nCopyright (C) 2001 FUKUCHI Kentarou","Postaranje filma iz EffectTV\nAvtorske pravice pridržane (C) \n2001 FUKUCHI Kentarou"
"Grain","Ojačanje"
"Scratch","Praskanje"
"Pits","Navpične črte"
"Dust","Prah"
"In","Vhod"
"Out","Izhod"
"Bands:","Pasovi:"
"Direction:","Smer:"
"BandSlide","Copyright"
"BandWipe","Pasovni prehod"
"Reset","Ponastavi"
" Mask Selection","Izberi"
"Color Selection","Odžagaj na izbrano"
"hue","Odtenek"
"saturation","Nasičenost"
"value","Skupno"
"red","Rdeča"
"green","Zelena"
"blue","Zmehčaj modro"
" Invert Selection","Inverzna telekineza"
"-*-helvetica-medium-r-normal-*-14-*","-*-helvetica-bold-r-normal-*-10-*-*-*-*-*-iso8859-2"
"Blur","Zmehčaj"
"Radius","Polmer"
"Vertical","Navpično"
"Horizontal","Vodoravno "
"Blur alpha","Zmehčaj alfo"
"Blur red","Zmehčaj rdečo"
"Blur green","Zmehčaj zeleno"
"Blur blue","Zmehčaj modro"
"Brightness/Contrast","Svetlost/Kontrast"
"Boost luminance only","Okrepi le svetilnost"
"BurningTV","Goreča TV"
"BurningTV from EffectTV\nCopyright (C) 2001 FUKUCHI Kentarou","Goreča TV iz EffectTV\nAvtorske pravice pridržane (C) \n2001 FUKUCHI Kentarou"
"CD Ripper","Zajemalnik CD-jev"
"Can't open cdrom drive.","Ne morem odpreti pogona cdrom."
"Can't get total from table of contents.","Ne morem dobiti vsote iz kazala."
"Can't get table of contents entry.","Ne morem dobiti vnosa kazala."
"Can't get table of contents leadout.","Ne morem dobiti konca kazala."
"Start track is out of range.","Začetna steza je izven dovoljenega območja."
"End track is out of range.","Končna steza je izven dovoljenega območja."
"End position is out of range.","Končni položaj je izven dovoljenega območja."
"Select the range to transfer:","Izberi območje za prenos:"
"Track","Steza/Sledi"
"Min","Najmanjši"
"Sec","Sek"
"From","Od"
"To","Do"
"CD Device:","Naprava CD:"
"Slope:","Naklon:"
"Threshold:","Prag:"
"Color...","Barva..."
"Use value","Uporabi vrednost"
"Use color picker","Barvna pipeta"
"Inner color","Notranje barva"
"Chroma key","Barvni ključ"
"Key parameters:","Zakleni parametre"
"Hue Tolerance:","Toleranca bit. hitr.:"
"Min. Brightness:","Svetlost:"
"Max. Brightness:","Svetlost:"
"Saturation Offset:","Nasičenost:"
"Min Saturation:","Nasičenost:"
"In Slope:","Naklon:"
"Out Slope:","Naklon:"
"Alpha Offset:","Odmik syt:"
"Spill light control:","Kaži kontrole"
"Spill Threshold:","Prag:"
"Spill Compensation:","Ustavi dejanje"
"Show Mask","Kaži urejanja"
"Chroma key (HSV)","Barvni ključ"
"Saturation:","Nasičenost:"
"White balance","Belina:"
"Color Balance","Barvno ravnovesje"
"Cyan","Sinja"
"Red","Rdeča"
"Magenta","Škrlatna"
"Green","Zelena"
"Yellow","Rumena"
"Blue","Modra"
"Preserve luminosity","Ohrani svetilnost"
"Color Picker","Barvna pipeta"
"Hue","Odtenek"
"Saturation","Nasičenost"
"Value","Skupno"
"Alpha","Alfa"
"Compressor","Stiskalnik"
"Reaction secs:","Reakcija sek.:"
"Decay secs:","Sekunde zakasnitve:"
"Trigger Type:","Sprožilec:"
"Trigger:","Sprožilec:"
"Point:","Točka:"
"Input level","Vhod EDL"
"Input","Vhod:"
"Smooth only","Le vodoravno"
"Crossfade","Križno utišaj/ojačaj"
"Input frames per second:","Kbitov na sekundo:"
"Deinterlace","Odpleti"
"Changed rows: %d\n","Spremenjene vrstice: %d\n"
"Keep top field","Slike v polja"
"Keep bottom field","Najprej spodnje polje"
"Average top fields","Slike v polja"
"Top field first","Najprej zgornje polje"
"Threshold","Prag:"
"Bob Threshold","Prag:"
"Adaptive","Prilagodljiv"
"Average one field","Povpreči lihe vrstice"
"Average both fields","Povpreči lihe vrstice"
"Spatial field swap","Zamenjaj polja"
"Do Nothing","Ne naredi ničesar"
"Delay audio","Zakasnitev zvoka"
"Delay seconds:","Sekunde zakasnitve:"
"Delay Video","Zakasnitev videa"
"Level:","Stopn.:"
"Denoise power:","Moč odstr. šuma:"
"Number of samples for reference:","Število vzorcev za referenco:"
"The keyframe is the start of the reference","Ključni okvir je začetek reference"
"DenoiseFFT","Odstranitev šuma s FFT"
"Progressive","Progresiven"
"Fast","Hitro"
"Search radius:","Išči polmer:"
"Pass 1 threshold:","Prag 1. prehoda:"
"Pass 2 threshold:","Prag 2. prehoda:"
"Sharpness:","Ostrina:"
"Luma contrast:","Svetlobni kontrast:"
"Chroma contrast:","Barvni kontrast:"
"Delay frames:","Zakasnjene slike:"
"Denoise video2","Odstrani šum videa2"
"Frames to average","Število povprečenih slik"
"None ","Brez"
"Average","Časovno povprečje"
"First frame in average:","Število povprečenih slik"
"Fixed offset: "," odmik:"
"Other Options:","Mesta kanalov:"
"Gain:","Ojačenje:"
"Disable subtraction","Spremenljiva bitna hitrost"
"This Frame is a start of a section","Ključni okvir je začetek reference"
"Frames to accumulate:","Število akumuliranih slik:"
"Denoise video","Odstrani šum videa"
"Despike","Odstranitev špic"
"Maximum level:","Največja stopnja:"
"Maximum rate of change:","Največja hitrost spremembe:"
"Use Value","Uporabi vrednost"
"Dissolve","Odtemnitev/Zatemnitev"
"DotTV","Pikčasta TV"
"DotTV from EffectTV\nCopyright (C) 2001 FUKUCHI Kentarou","Pikčasta TV je iz  EffectTV\nAvtorske pravice pridržane (C)\n2001 FUKUCHI Kentarou"
"Horizontal offset","Vodoravni odmik"
"Vertical offset","Navpični odmik"
"Downsample","Kockasto"
"Fields to frames","Polja v slike"
"Block X:","Velikost bloka:"
"Block Y:","Velikost bloka:"
"Object layer:","Pot izhoda:"
"Replacement object layer:","Zamenjaj trenutni projekt"
"Output/scene layer:","Pot izhoda:"
"Object blend amount:","Faktor skaliranja:"
"Draw border","Risanje vektorjev"
"Draw keypoints","Riši izhod"
"Replace object","Zamenjaj trenutni projekt"
"Draw object border","Risanje vektorjev"
"Flash","Blisk"
"Flip","Obrni"
"Frames to fields","Slike v polja"
"Freeze","Zamrzni"
"Roomsize:","Prostornost:"
"Damp:","Vlažnost:"
"Wet:","Mokrost:"
"Dry:","Suhost:"
"Freeze Frame","Zamrzni sliko"
"Gain","Ojačenje"
"Maximum:","Največ"
"Automatic","Samodejno"
"Plot histogram","Histogram"
"Use Color Picker","Barvna pipeta"
"Rate:","Bitna hitrost:"
"Inner radius:","Notranji polmer:"
"Outer radius:","Zunanji polmer:"
"Angle:","Kot:"
"Center X:","Sredina"
"Center Y:","Sredina"
"Linear","Linearno mehčanje"
"Radial","Radialno mehčanje"
"Square","Kvadrat"
"Inner color:","Notr. barva:"
"Outer color:","Zun. barva:"
"Outer color","Zunanja barva"
"Gradient","Preliv"
"Input X:","Vhod:"
"Input Y:","Vhod:"
"Output min:","Najm. izhod: "
"Output Max:","Pot izhoda:"
"HolographicTV","Holografska TV"
"HolographicTV from EffectTV\nCopyright (C) 2001 FUKUCHI Kentarou","Holografska TV iz EffectTV\nAvtorske pravice pridržane (C)\n2001 FUKUCHI Kentarou"
"Hue saturation","Odtenek in nasičenje"
"Interpolate","Interpoliranje"
"X Offset:","Odmik syt:"
"Y Offset:","Odmik syt:"
"Interpolate Pixels","Interpoliranje"
"Use keyframes as input","Prilepi ključne slike"
"Invert Audio","Obrnitev zvok"
"Invert R","Obrni rdečo"
"Invert G","Obrni zeleno"
"Invert B","Obrni modro"
"Invert A","Obrni alfo"
"Invert Video","Obrni barve"
"IrisSquare","Kvadratna zaslonka"
"Inverse Telecine","Inverzna telekineza"
"Pattern offset:","Odmik vzorca:"
"Pattern:","Vzorec:"
"Automatic IVTC","Samodejna IVTC"
"Sphere Stretch","Razteg"
"Stretch","Razteg"
"R Field of View:"," odmik:"
"G Field of View:"," odmik:"
"B Field of View:"," odmik:"
"A Field of View:"," odmik:"
"Aspect Ratio:","Razmerje:"
"Radius:","Polmer:"
"Draw center","Risanje vektorjev"
"Duration (seconds):","Trajanje (sekunde):"
"Max soundlevel (dB):","Najv. glasnost (dB):"
"RMS soundlevel (dB):","Glasnost RMS (dB):"
"SoundLevel","Glasnost"
"Length:","Dolžina zamika:"
"Steps:","Koraki:"
"Linear Blur","Linearno mehčanje"
"Live Audio","Obrnitev zvok"
"Live Video","Obrni barve"
"Samples to loop:","Ferkvenca vzorčenja:"
"Loop audio","Poslušaj zvok"
"Frames to loop:","Slike v polja"
"Loop video","Glej video"
"Motion Blur","Detekcija gibanja"
"Motion","Detekcija gibanja"
"Rotation search steps:","Reakcija sek.:"
"Translation direction:","Smer perspektive:"
"Maximum absolute offset:","Največji absolutni odmik:"
"Settling speed:","Nastavitve"
"Frame number:","Številka maske:"
"Action:","Smer:"
"Calculation:","Nasičenost:"
"Track translation","Ponastavi premik"
"Track rotation","Prekliči dejanje"
"Draw vectors","Risanje vektorjev"
"Track single frame","Posnami eno samo sliko"
"Track previous frame","odpri prejšnjo"
"Previous frame same block","Prejšnja oznaka"
"Top","Zgoraj"
"Bottom","Spodaj"
"Track Pixel","Steza/Sledi"
"Stabilize Subpixel","Stabilizacija"
"Stabilize Pixel","Stabilizacija"
"Horizontal only","Le vodoravno"
"Vertical only","Navpično"
"Normalize","Normaliziranje"
"Enter the DB to overload by:","Vpiši novo jakost signala v DB:"
"Treat tracks independantly","Neodvisno obravnavaj steze"
"Use intensity","Uporabi intenzivnost"
"Oil painting","Oljnata slika"
"Bottom first","Najprej spodnje polje"
"Top first","Najprej zgornje polje"
"Layer order:","Zapis bajtov:"
"Output layer:","Pot izhoda:"
"Lowpass","Nizkopasovni"
"Highpass","Visokopasovi"
"Bandpass","Srednjepasovni"
"Freq","Ferkv."
"Qual","Kval."
"Level","Stop."
"Wetness:","Svetlost:"
"EQ Parametric","Paramatrična izravnava"
"Current X:","Trenutni X:"
"Perspective","Perspektiva"
"Sheer","Paralelogram"
"Perspective direction:","Smer perspektive:"
"Forward","Naprej"
"Reverse","Nazaj"
"Pitch shift","Spremeni višino zvoka"
"Depth:","Glob.:"
"Polar","Polarnost"
"Radial Blur","Radialno mehčanje"
"Reframe","Znova prerazporedi slike"
"Scale factor:","Faktor skaliranja:"
"Scale by amount:","Faktor skaliranja:"
"ReframeRT","Znova prerazporedi slike"
"Components only","Komponentni video"
"Alpha replace","Alfa"
"Target track:","Skupne steze:"
"Operation:","Razmerje:"
"Resample","Prevzorči"
"Heroine College Concert Hall","Koncertna dvorana kolidža Heroine"
"Couldn't save %s.","Ne morem shraniti %s."
"Initial signal level:","Začetni nivo signala:"
"ms before reflections:","ms pred odbojem:"
"First reflection level:","Prvi nivo odboja:"
"Last reflection level:","Zadnji nivo odboja:"
"Number of reflections:","Število odbojev:"
"ms of reflections:","ms odbojev:"
"Start band for lowpass:","Frekv. spodnjega pasu:"
"End band for lowpass:","Frekv. zgornjega pasu:"
"Load...","Odpri..."
"Save...","Shrani..."
"Set default","Privzete nastavitve"
"Save reverb","Shrani reverb"
"Select the reverb file to save as","Izberi reverb datoteko za shranjenje"
"Load reverb","Odpri reverb"
"Select the reverb file to load from","Izberi reverb datoteko za odprtje"
"Reverse audio","Zvok previj nazaj"
"Reverse video","Video previj nazaj"
"RGB -> 601 compression","Kompresiran RGB"
"601 -> RGB expansion","601 -> RGB"
"Draw pivot","Riši izhod"
"Rotate","Zavrti"
"Degrees","%d stopinj"
"Scale","Skaliraj"
"X Scale:","Razmerje X:"
"Y Scale:","Razmerje Y:"
"Constrain ratio","Vezano razmerje"
"Choose Shape","Kaži vzorce"
"Sharpen","Izostritev"
"Sharpness","Ostrina:"
"Interlace","Prepleteno"
"Luminance only","Le svetilnost"
"Odd offset:","Lih odmik:"
"Even offset:","Sod odmik:"
"ShiftInterlace","Prepleten zamik"
"Left","Levo"
"Right","Desno"
"Slide","Drsenje"
"Spectrogram","Spektogram"
"Running command %s\n","Izvajam ukaz %s\n"
"Export of %s to %s failed\n","Izvoz %s v %s ni uspel\n"
"The file %s that was generated from %s is not in RAWC format. Try to delete all *.raw files.\n","Datoteka %s ustvarjena iz %s ni v obliki RAWC. Poiskušajte zbrisati vse *.raw datoteke.\n"
"Unsupported version of RAWC file %s. This means your Inkscape uses newer RAWC format than Cinelerra. Please upgrade Cinelerra.\n","Nepodprta različica datoteke RAWC %s. To pomeni, da vaš Sodipodi uporablja novejši zapis RAWC, kot Cinelerra. Prosimo, da si nadgradite Cinelerro.\n"
"Out X:","Izhod X:"
"Out Y:","Izhod Y:"
"New/Open SVG...","Nov/Odpri SVG..."
"Inkscape has exited\n","Sodipodi se je zaprl\n"
"Plugin window has closed\n","Okno vtičnikov se je zaprlo\n"
"Running external SVG editor: %s\n","Poganjam zunanji urejevalnik SVG: %s\n"
"External SVG editor finished\n","Zunanji urejevalnik SVG je končal\n"
"SVG Plugin: Pick SVG file","Vtičnik SVG: Izberi datoteko SVG"
"Open an existing SVG file or create a new one","Odpri obstoječo datoteko SVG ali ustvari novo"
"Swap channels","Zamenjaj kanale"
"-> Red","-> Rdeča"
"-> Green","-> Zelena"
"-> Blue","-> Modra"
"-> Alpha","-> Alfa"
"Synthesizer","Sintetizator"
"Phase","Faza"
"Harmonic","Harmon."
"Waveform","Zvočni vzorec"
"Wave Function","Funk. zvoč. vzorca"
"Base Frequency:","Osnovna frekv.:"
"Sine","Sinus"
"Sawtooth","Žagast"
"Triangle","Trikotnik"
"Pulse","Pulz"
"Noise","Šum"
"Add","Dodaj"
"Zero","Nič"
"Maximum","Največ"
"Slope","Naklon"
"Random","Naključno"
"Invert","Obrni"
"Enumerate","Oštevilči"
"Even","Sod"
"Odd","Lih"
"Prime","Praštevilo"
"Low Color","Barva:"
"Mid Color","Barva:"
"High Color","Barva:"
"Low color","Notranje barva"
"Mid color","Notranje barva"
"Max:","Najv.:"
"Time Average","Časovno povprečje"
"Time range:","Časovno povprečje"
"Intensity","Uporabi intenzivnost"
"Alpha mask","Alfa"
"Inversion","Obrnitev zvok"
"Time stretch","Raztegnjen čas"
"hello world","pozdravljen svet"
"GlyphUnit::process_package FT_New_Face failed.\n","GlyphUnit::process_package FT_New_Face neuspešno.\n"
"GlyphUnit::process_package FT_Load_Char failed - char: %li.\n","GlyphUnit::process_package FT_Load_Char failed - znak: %i.\n"
"TitleMain::load_freetype_face %s failed.\n","TitleMain::load_freetype_face %s neuspešno.\n"
"Iconv conversion from %s to Unicode UCS-4 not available\n","Pretvorba znakov Iconv iz %s v Unicode UCS-4 ni na voljo\n"
"No motion","Brez gibanja"
"Bottom to top","Od spodaj navzgor"
"Top to bottom","Od zgoraj navzdol"
"Right to left","Od desne proti levi"
"Left to right","Od leve proti desni"
"Font:","Pisava:"
"Style:","Slog:"
"Justify:","Poravnava:"
"Motion type:","Vrsta gibanja:"
"Drop shadow:","Senca:"
"Fade in (sec):","Odbris (sek):"
"Fade out (sec):","Zabris (sek):"
"Speed:","Hitrost:"
"Encoding:","Kodiranje:"
"Outline width:","Oris z:"
"Text:","Besedilo:"
"Bold","Krepko"
"Italic","Ležeče"
"Outline","Obroba"
"Outline color...","Barva obrobe..."
"Loop","Zanka"
"Stamp timecode","Časovna koda"
"Center","Sredina"
"Mid","Sredina"
"Translate","Prevod"
"In X:","Vhod X:"
"In Y:","Vhod Y:"
"In W:","Vhod W:"
"In H:","Vhod H:"
"Out W:","Izhod W:"
"Out H:","Izhod H:"
"Inverse","Obrni"
"VideoScope","Videoskop"
"Smear","Razpalamudi"
"Blacken","Počrni"
"Reflective","Odbojen"
"Amplitude:","Amplituda:"
"Phase:","Faza:"
"Wavelength:","Valovna dolžina:"
"Wave","Valovanje"
"Pinch","Udarec"
"Angle","Kot"
"Whirl","Vrtinec"
"Wipe","Pobriši"
"Zoom Blur","Povečava mehčanja"
